year,prevalencia (%),pais
2019,44.9,Afghanistan
2018,44.5,Afghanistan
2017,44.2,Afghanistan
2016,43.9,Afghanistan
2015,43.7,Afghanistan
2014,43.6,Afghanistan
2013,43.5,Afghanistan
2012,43.5,Afghanistan
2011,43.5,Afghanistan
2010,43.7,Afghanistan
2009,43.9,Afghanistan
2008,44.2,Afghanistan
2007,44.5,Afghanistan
2006,44.9,Afghanistan
2005,45.5,Afghanistan
2004,46.2,Afghanistan
2003,47.1,Afghanistan
2002,48.3,Afghanistan
2001,49.8,Afghanistan
2000,51.5,Afghanistan
2019,30.9,Albania
2018,29.6,Albania
2017,28.4,Albania
2016,26.9,Albania
2015,25.5,Albania
2014,24.4,Albania
2013,23.6,Albania
2012,23.1,Albania
2011,22.9,Albania
2010,23.0,Albania
2009,23.8,Albania
2008,24.8,Albania
2007,25.9,Albania
2006,27.1,Albania
2005,28.3,Albania
2004,29.6,Albania
2003,30.9,Albania
2002,32.1,Albania
2001,33.4,Albania
2000,34.9,Albania
2019,34.3,Algeria
2018,34.1,Algeria
2017,34.0,Algeria
2016,34.0,Algeria
2015,33.9,Algeria
2014,33.9,Algeria
2013,33.9,Algeria
2012,34.1,Algeria
2011,34.3,Algeria
2010,34.7,Algeria
2009,35.2,Algeria
2008,35.8,Algeria
2007,36.3,Algeria
2006,36.9,Algeria
2005,37.4,Algeria
2004,37.9,Algeria
2003,38.3,Algeria
2002,38.8,Algeria
2001,39.3,Algeria
2000,39.9,Algeria
2019,14.1,Andorra
2018,13.7,Andorra
2017,13.4,Andorra
2016,13.2,Andorra
2015,12.9,Andorra
2014,12.8,Andorra
2013,12.6,Andorra
2012,12.5,Andorra
2011,12.5,Andorra
2010,12.4,Andorra
2009,12.4,Andorra
2008,12.4,Andorra
2007,12.5,Andorra
2006,12.5,Andorra
2005,12.5,Andorra
2004,12.6,Andorra
2003,12.6,Andorra
2002,12.7,Andorra
2001,12.9,Andorra
2000,13.1,Andorra
2019,62.4,Angola
2018,62.3,Angola
2017,62.1,Angola
2016,61.9,Angola
2015,61.4,Angola
2014,61.1,Angola
2013,60.7,Angola
2012,60.5,Angola
2011,60.6,Angola
2010,61.0,Angola
2009,61.7,Angola
2008,62.6,Angola
2007,63.7,Angola
2006,64.9,Angola
2005,66.2,Angola
2004,67.5,Angola
2003,68.9,Angola
2002,70.3,Angola
2001,71.5,Angola
2000,72.8,Angola
2019,17.2,Antigua and Barbuda
2018,17.3,Antigua and Barbuda
2017,17.4,Antigua and Barbuda
2016,17.6,Antigua and Barbuda
2015,17.9,Antigua and Barbuda
2014,18.2,Antigua and Barbuda
2013,18.6,Antigua and Barbuda
2012,19.1,Antigua and Barbuda
2011,19.6,Antigua and Barbuda
2010,20.2,Antigua and Barbuda
2009,21.0,Antigua and Barbuda
2008,21.8,Antigua and Barbuda
2007,22.6,Antigua and Barbuda
2006,23.5,Antigua and Barbuda
2005,24.3,Antigua and Barbuda
2004,25.1,Antigua and Barbuda
2003,25.9,Antigua and Barbuda
2002,26.4,Antigua and Barbuda
2001,27.0,Antigua and Barbuda
2000,27.4,Antigua and Barbuda
2019,19.0,Argentina
2018,18.6,Argentina
2017,18.5,Argentina
2016,18.3,Argentina
2015,18.3,Argentina
2014,18.3,Argentina
2013,18.4,Argentina
2012,18.5,Argentina
2011,18.7,Argentina
2010,18.8,Argentina
2009,19.1,Argentina
2008,19.2,Argentina
2007,19.4,Argentina
2006,19.6,Argentina
2005,19.9,Argentina
2004,20.1,Argentina
2003,20.4,Argentina
2002,20.7,Argentina
2001,21.1,Argentina
2000,21.7,Argentina
2019,19.6,Armenia
2018,19.3,Armenia
2017,19.1,Armenia
2016,19.1,Armenia
2015,19.3,Armenia
2014,19.8,Armenia
2013,20.3,Armenia
2012,21.0,Armenia
2011,21.6,Armenia
2010,22.5,Armenia
2009,23.6,Armenia
2008,24.6,Armenia
2007,25.5,Armenia
2006,26.3,Armenia
2005,26.9,Armenia
2004,27.6,Armenia
2003,27.9,Armenia
2002,28.3,Armenia
2001,28.5,Armenia
2000,28.9,Armenia
2019,13.3,Australia
2018,12.8,Australia
2017,12.4,Australia
2016,12.1,Australia
2015,11.8,Australia
2014,11.6,Australia
2013,11.5,Australia
2012,11.5,Australia
2011,11.6,Australia
2010,11.6,Australia
2009,11.6,Australia
2008,11.6,Australia
2007,11.7,Australia
2006,11.6,Australia
2005,11.6,Australia
2004,11.6,Australia
2003,11.6,Australia
2002,11.6,Australia
2001,11.7,Australia
2000,11.8,Australia
2019,14.6,Austria
2018,14.2,Austria
2017,13.8,Austria
2016,13.5,Austria
2015,13.2,Austria
2014,12.9,Austria
2013,12.7,Austria
2012,12.6,Austria
2011,12.5,Austria
2010,12.4,Austria
2009,12.4,Austria
2008,12.3,Austria
2007,12.2,Austria
2006,12.2,Austria
2005,12.1,Austria
2004,12.1,Austria
2003,12.1,Austria
2002,12.0,Austria
2001,12.1,Austria
2000,12.1,Austria
2019,24.8,Azerbaijan
2018,24.9,Azerbaijan
2017,25.2,Azerbaijan
2016,25.7,Azerbaijan
2015,26.3,Azerbaijan
2014,27.1,Azerbaijan
2013,28.0,Azerbaijan
2012,29.1,Azerbaijan
2011,30.4,Azerbaijan
2010,31.8,Azerbaijan
2009,33.2,Azerbaijan
2008,34.6,Azerbaijan
2007,36.1,Azerbaijan
2006,37.4,Azerbaijan
2005,38.5,Azerbaijan
2004,39.5,Azerbaijan
2003,40.3,Azerbaijan
2002,41.2,Azerbaijan
2001,42.2,Azerbaijan
2000,43.4,Azerbaijan
2019,17.9,"Bahamas, The"
2018,17.7,"Bahamas, The"
2017,17.5,"Bahamas, The"
2016,17.6,"Bahamas, The"
2015,17.6,"Bahamas, The"
2014,17.7,"Bahamas, The"
2013,17.8,"Bahamas, The"
2012,18.0,"Bahamas, The"
2011,18.4,"Bahamas, The"
2010,18.9,"Bahamas, The"
2009,19.2,"Bahamas, The"
2008,19.6,"Bahamas, The"
2007,19.8,"Bahamas, The"
2006,19.9,"Bahamas, The"
2005,19.9,"Bahamas, The"
2004,19.8,"Bahamas, The"
2003,19.6,"Bahamas, The"
2002,19.4,"Bahamas, The"
2001,19.3,"Bahamas, The"
2000,19.4,"Bahamas, The"
2019,23.4,Bahrain
2018,23.1,Bahrain
2017,22.9,Bahrain
2016,22.7,Bahrain
2015,22.5,Bahrain
2014,22.4,Bahrain
2013,22.3,Bahrain
2012,22.3,Bahrain
2011,22.4,Bahrain
2010,22.6,Bahrain
2009,23.0,Bahrain
2008,23.3,Bahrain
2007,23.7,Bahrain
2006,24.1,Bahrain
2005,24.4,Bahrain
2004,24.7,Bahrain
2003,24.9,Bahrain
2002,25.1,Bahrain
2001,25.6,Bahrain
2000,26.2,Bahrain
2019,43.1,Bangladesh
2018,43.1,Bangladesh
2017,43.3,Bangladesh
2016,43.5,Bangladesh
2015,43.8,Bangladesh
2014,44.0,Bangladesh
2013,44.4,Bangladesh
2012,44.9,Bangladesh
2011,45.4,Bangladesh
2010,46.1,Bangladesh
2009,46.8,Bangladesh
2008,47.7,Bangladesh
2007,48.6,Bangladesh
2006,49.6,Bangladesh
2005,50.6,Bangladesh
2004,51.7,Bangladesh
2003,52.7,Bangladesh
2002,53.9,Bangladesh
2001,55.2,Bangladesh
2000,56.6,Bangladesh
2019,20.0,Barbados
2018,20.1,Barbados
2017,20.3,Barbados
2016,20.6,Barbados
2015,20.8,Barbados
2014,21.1,Barbados
2013,21.3,Barbados
2012,21.5,Barbados
2011,21.8,Barbados
2010,21.9,Barbados
2009,22.1,Barbados
2008,22.2,Barbados
2007,22.4,Barbados
2006,22.5,Barbados
2005,22.5,Barbados
2004,22.5,Barbados
2003,22.4,Barbados
2002,22.1,Barbados
2001,21.8,Barbados
2000,21.4,Barbados
2019,17.8,Belarus
2018,17.5,Belarus
2017,17.3,Belarus
2016,17.1,Belarus
2015,16.9,Belarus
2014,16.8,Belarus
2013,16.8,Belarus
2012,16.9,Belarus
2011,17.1,Belarus
2010,17.5,Belarus
2009,18.1,Belarus
2008,18.9,Belarus
2007,19.8,Belarus
2006,20.7,Belarus
2005,21.4,Belarus
2004,22.2,Belarus
2003,22.8,Belarus
2002,23.4,Belarus
2001,24.0,Belarus
2000,24.8,Belarus
2019,17.4,Belgium
2018,17.1,Belgium
2017,16.8,Belgium
2016,16.4,Belgium
2015,15.9,Belgium
2014,15.6,Belgium
2013,15.3,Belgium
2012,15.2,Belgium
2011,14.9,Belgium
2010,14.6,Belgium
2009,14.5,Belgium
2008,14.3,Belgium
2007,14.2,Belgium
2006,14.0,Belgium
2005,13.8,Belgium
2004,13.6,Belgium
2003,13.6,Belgium
2002,13.6,Belgium
2001,13.6,Belgium
2000,13.8,Belgium
2019,20.2,Belize
2018,20.4,Belize
2017,20.7,Belize
2016,21.0,Belize
2015,21.3,Belize
2014,21.7,Belize
2013,22.0,Belize
2012,22.3,Belize
2011,22.7,Belize
2010,23.1,Belize
2009,23.6,Belize
2008,24.0,Belize
2007,24.3,Belize
2006,24.5,Belize
2005,24.6,Belize
2004,24.8,Belize
2003,25.1,Belize
2002,25.4,Belize
2001,25.7,Belize
2000,26.1,Belize
2019,71.0,Benin
2018,71.4,Benin
2017,71.7,Benin
2016,71.9,Benin
2015,72.0,Benin
2014,72.1,Benin
2013,72.2,Benin
2012,72.3,Benin
2011,72.7,Benin
2010,73.2,Benin
2009,73.9,Benin
2008,74.7,Benin
2007,75.6,Benin
2006,76.4,Benin
2005,77.3,Benin
2004,78.0,Benin
2003,78.8,Benin
2002,79.4,Benin
2001,79.9,Benin
2000,80.3,Benin
2019,44.7,Bhutan
2018,45.2,Bhutan
2017,45.7,Bhutan
2016,46.4,Bhutan
2015,47.2,Bhutan
2014,48.1,Bhutan
2013,49.2,Bhutan
2012,50.5,Bhutan
2011,51.9,Bhutan
2010,53.4,Bhutan
2009,55.0,Bhutan
2008,56.6,Bhutan
2007,58.3,Bhutan
2006,59.9,Bhutan
2005,61.4,Bhutan
2004,62.8,Bhutan
2003,64.2,Bhutan
2002,65.4,Bhutan
2001,66.5,Bhutan
2000,67.5,Bhutan
2019,36.9,Bolivia
2018,38.3,Bolivia
2017,40.1,Bolivia
2016,42.0,Bolivia
2015,44.3,Bolivia
2014,46.2,Bolivia
2013,47.7,Bolivia
2012,49.5,Bolivia
2011,51.1,Bolivia
2010,52.5,Bolivia
2009,53.8,Bolivia
2008,54.8,Bolivia
2007,55.6,Bolivia
2006,56.2,Bolivia
2005,56.4,Bolivia
2004,56.6,Bolivia
2003,56.7,Bolivia
2002,56.8,Bolivia
2001,56.9,Bolivia
2000,57.0,Bolivia
2019,24.3,Bosnia and Herzegovina
2018,23.9,Bosnia and Herzegovina
2017,23.6,Bosnia and Herzegovina
2016,23.4,Bosnia and Herzegovina
2015,23.2,Bosnia and Herzegovina
2014,23.1,Bosnia and Herzegovina
2013,23.1,Bosnia and Herzegovina
2012,23.2,Bosnia and Herzegovina
2011,23.4,Bosnia and Herzegovina
2010,23.6,Bosnia and Herzegovina
2009,23.9,Bosnia and Herzegovina
2008,24.2,Bosnia and Herzegovina
2007,24.5,Bosnia and Herzegovina
2006,24.7,Bosnia and Herzegovina
2005,24.8,Bosnia and Herzegovina
2004,24.8,Bosnia and Herzegovina
2003,24.8,Bosnia and Herzegovina
2002,24.8,Bosnia and Herzegovina
2001,25.0,Bosnia and Herzegovina
2000,25.3,Bosnia and Herzegovina
2019,43.3,Botswana
2018,43.2,Botswana
2017,43.1,Botswana
2016,42.5,Botswana
2015,41.3,Botswana
2014,40.0,Botswana
2013,39.1,Botswana
2012,38.7,Botswana
2011,38.3,Botswana
2010,37.5,Botswana
2009,37.5,Botswana
2008,37.6,Botswana
2007,37.7,Botswana
2006,38.4,Botswana
2005,40.0,Botswana
2004,41.5,Botswana
2003,42.3,Botswana
2002,42.9,Botswana
2001,43.6,Botswana
2000,44.2,Botswana
2019,11.6,Brazil
2018,11.9,Brazil
2017,12.5,Brazil
2016,13.0,Brazil
2015,13.7,Brazil
2014,14.3,Brazil
2013,15.1,Brazil
2012,15.9,Brazil
2011,16.7,Brazil
2010,17.7,Brazil
2009,18.7,Brazil
2008,19.7,Brazil
2007,20.6,Brazil
2006,21.4,Brazil
2005,22.2,Brazil
2004,23.0,Brazil
2003,23.7,Brazil
2002,24.3,Brazil
2001,25.0,Brazil
2000,25.9,Brazil
2019,20.0,Brunei Darussalam
2018,19.3,Brunei Darussalam
2017,18.8,Brunei Darussalam
2016,18.2,Brunei Darussalam
2015,17.8,Brunei Darussalam
2014,17.4,Brunei Darussalam
2013,17.2,Brunei Darussalam
2012,17.1,Brunei Darussalam
2011,17.0,Brunei Darussalam
2010,16.9,Brunei Darussalam
2009,16.9,Brunei Darussalam
2008,17.0,Brunei Darussalam
2007,17.0,Brunei Darussalam
2006,16.9,Brunei Darussalam
2005,16.7,Brunei Darussalam
2004,16.6,Brunei Darussalam
2003,16.7,Brunei Darussalam
2002,16.6,Brunei Darussalam
2001,16.7,Brunei Darussalam
2000,17.0,Brunei Darussalam
2019,24.1,Bulgaria
2018,23.9,Bulgaria
2017,23.7,Bulgaria
2016,23.6,Bulgaria
2015,23.7,Bulgaria
2014,23.8,Bulgaria
2013,24.1,Bulgaria
2012,24.4,Bulgaria
2011,24.8,Bulgaria
2010,25.2,Bulgaria
2009,25.6,Bulgaria
2008,25.9,Bulgaria
2007,26.3,Bulgaria
2006,26.8,Bulgaria
2005,27.3,Bulgaria
2004,27.8,Bulgaria
2003,28.1,Bulgaria
2002,28.3,Bulgaria
2001,28.4,Bulgaria
2000,28.8,Bulgaria
2019,76.6,Burkina Faso
2018,78.4,Burkina Faso
2017,80.1,Burkina Faso
2016,81.6,Burkina Faso
2015,82.9,Burkina Faso
2014,84.0,Burkina Faso
2013,84.9,Burkina Faso
2012,85.6,Burkina Faso
2011,86.2,Burkina Faso
2010,86.6,Burkina Faso
2009,87.1,Burkina Faso
2008,87.4,Burkina Faso
2007,87.7,Burkina Faso
2006,88.0,Burkina Faso
2005,88.1,Burkina Faso
2004,88.3,Burkina Faso
2003,88.4,Burkina Faso
2002,88.4,Burkina Faso
2001,88.3,Burkina Faso
2000,88.2,Burkina Faso
2019,58.0,Burundi
2018,56.9,Burundi
2017,55.9,Burundi
2016,54.7,Burundi
2015,53.7,Burundi
2014,52.9,Burundi
2013,52.3,Burundi
2012,52.0,Burundi
2011,52.0,Burundi
2010,52.4,Burundi
2009,53.1,Burundi
2008,54.2,Burundi
2007,55.5,Burundi
2006,57.0,Burundi
2005,58.6,Burundi
2004,60.3,Burundi
2003,62.0,Burundi
2002,63.8,Burundi
2001,65.8,Burundi
2000,67.7,Burundi
2019,44.1,Cabo Verde
2018,44.9,Cabo Verde
2017,45.8,Cabo Verde
2016,46.7,Cabo Verde
2015,47.6,Cabo Verde
2014,48.3,Cabo Verde
2013,49.0,Cabo Verde
2012,49.6,Cabo Verde
2011,50.1,Cabo Verde
2010,50.5,Cabo Verde
2009,50.9,Cabo Verde
2008,51.2,Cabo Verde
2007,51.4,Cabo Verde
2006,51.7,Cabo Verde
2005,52.0,Cabo Verde
2004,52.5,Cabo Verde
2003,53.4,Cabo Verde
2002,54.6,Cabo Verde
2001,56.3,Cabo Verde
2000,58.4,Cabo Verde
2019,49.0,Cambodia
2018,49.6,Cambodia
2017,50.3,Cambodia
2016,50.9,Cambodia
2015,51.6,Cambodia
2014,52.2,Cambodia
2013,52.8,Cambodia
2012,53.5,Cambodia
2011,54.3,Cambodia
2010,55.3,Cambodia
2009,56.2,Cambodia
2008,57.2,Cambodia
2007,58.3,Cambodia
2006,59.3,Cambodia
2005,60.3,Cambodia
2004,61.3,Cambodia
2003,62.4,Cambodia
2002,63.6,Cambodia
2001,64.8,Cambodia
2000,65.9,Cambodia
2019,59.2,Cameroon
2018,60.0,Cameroon
2017,60.8,Cameroon
2016,61.5,Cameroon
2015,62.1,Cameroon
2014,62.6,Cameroon
2013,62.9,Cameroon
2012,63.3,Cameroon
2011,63.6,Cameroon
2010,64.0,Cameroon
2009,64.6,Cameroon
2008,65.1,Cameroon
2007,65.8,Cameroon
2006,66.5,Cameroon
2005,67.2,Cameroon
2004,67.9,Cameroon
2003,68.6,Cameroon
2002,69.3,Cameroon
2001,70.0,Cameroon
2000,70.7,Cameroon
2019,13.2,Canada
2018,12.7,Canada
2017,12.2,Canada
2016,11.8,Canada
2015,11.5,Canada
2014,11.2,Canada
2013,10.9,Canada
2012,10.7,Canada
2011,10.5,Canada
2010,10.4,Canada
2009,10.4,Canada
2008,10.3,Canada
2007,10.3,Canada
2006,10.3,Canada
2005,10.3,Canada
2004,10.3,Canada
2003,10.4,Canada
2002,10.4,Canada
2001,10.5,Canada
2000,10.7,Canada
2019,73.6,Central African Republic
2018,74.4,Central African Republic
2017,75.2,Central African Republic
2016,75.8,Central African Republic
2015,76.3,Central African Republic
2014,76.7,Central African Republic
2013,76.9,Central African Republic
2012,77.1,Central African Republic
2011,77.3,Central African Republic
2010,77.7,Central African Republic
2009,78.0,Central African Republic
2008,78.4,Central African Republic
2007,78.8,Central African Republic
2006,79.3,Central African Republic
2005,79.8,Central African Republic
2004,80.2,Central African Republic
2003,80.6,Central African Republic
2002,81.1,Central African Republic
2001,81.5,Central African Republic
2000,82.0,Central African Republic
2019,66.3,Chad
2018,68.0,Chad
2017,69.5,Chad
2016,70.9,Chad
2015,71.9,Chad
2014,72.7,Chad
2013,73.4,Chad
2012,73.9,Chad
2011,74.4,Chad
2010,74.9,Chad
2009,75.4,Chad
2008,75.9,Chad
2007,76.4,Chad
2006,76.9,Chad
2005,77.3,Chad
2004,77.8,Chad
2003,78.2,Chad
2002,78.6,Chad
2001,78.9,Chad
2000,79.1,Chad
2019,20.1,Chile
2018,19.7,Chile
2017,19.5,Chile
2016,19.4,Chile
2015,19.3,Chile
2014,19.3,Chile
2013,19.3,Chile
2012,19.3,Chile
2011,19.3,Chile
2010,19.3,Chile
2009,19.4,Chile
2008,19.5,Chile
2007,19.5,Chile
2006,19.5,Chile
2005,19.5,Chile
2004,19.7,Chile
2003,19.8,Chile
2002,20.1,Chile
2001,20.4,Chile
2000,20.9,Chile
2019,18.8,China
2018,18.5,China
2017,18.4,China
2016,18.3,China
2015,18.2,China
2014,18.1,China
2013,18.2,China
2012,18.3,China
2011,18.6,China
2010,19.0,China
2009,19.5,China
2008,20.1,China
2007,20.8,China
2006,21.7,China
2005,22.6,China
2004,23.6,China
2003,24.6,China
2002,25.8,China
2001,27.0,China
2000,28.5,China
2019,22.2,Colombia
2018,22.3,Colombia
2017,22.5,Colombia
2016,22.9,Colombia
2015,23.3,Colombia
2014,23.8,Colombia
2013,24.3,Colombia
2012,24.9,Colombia
2011,25.6,Colombia
2010,26.3,Colombia
2009,26.9,Colombia
2008,27.5,Colombia
2007,28.0,Colombia
2006,28.5,Colombia
2005,28.9,Colombia
2004,29.3,Colombia
2003,29.5,Colombia
2002,29.8,Colombia
2001,30.0,Colombia
2000,30.2,Colombia
2019,53.9,Comoros
2018,53.9,Comoros
2017,53.9,Comoros
2016,53.9,Comoros
2015,53.8,Comoros
2014,53.8,Comoros
2013,53.9,Comoros
2012,54.1,Comoros
2011,54.4,Comoros
2010,55.0,Comoros
2009,55.5,Comoros
2008,56.2,Comoros
2007,56.8,Comoros
2006,57.5,Comoros
2005,58.2,Comoros
2004,58.8,Comoros
2003,59.4,Comoros
2002,59.9,Comoros
2001,60.5,Comoros
2000,61.3,Comoros
2019,64.9,"Congo, Dem. Rep."
2018,65.6,"Congo, Dem. Rep."
2017,66.3,"Congo, Dem. Rep."
2016,66.9,"Congo, Dem. Rep."
2015,67.3,"Congo, Dem. Rep."
2014,67.7,"Congo, Dem. Rep."
2013,68.0,"Congo, Dem. Rep."
2012,68.4,"Congo, Dem. Rep."
2011,68.8,"Congo, Dem. Rep."
2010,69.3,"Congo, Dem. Rep."
2009,69.9,"Congo, Dem. Rep."
2008,70.5,"Congo, Dem. Rep."
2007,71.3,"Congo, Dem. Rep."
2006,72.1,"Congo, Dem. Rep."
2005,72.8,"Congo, Dem. Rep."
2004,73.6,"Congo, Dem. Rep."
2003,74.4,"Congo, Dem. Rep."
2002,75.2,"Congo, Dem. Rep."
2001,75.9,"Congo, Dem. Rep."
2000,76.6,"Congo, Dem. Rep."
2019,60.8,"Congo, Rep."
2018,61.6,"Congo, Rep."
2017,62.3,"Congo, Rep."
2016,63.0,"Congo, Rep."
2015,63.5,"Congo, Rep."
2014,63.9,"Congo, Rep."
2013,64.2,"Congo, Rep."
2012,64.4,"Congo, Rep."
2011,64.6,"Congo, Rep."
2010,64.9,"Congo, Rep."
2009,65.3,"Congo, Rep."
2008,65.9,"Congo, Rep."
2007,66.8,"Congo, Rep."
2006,67.7,"Congo, Rep."
2005,68.7,"Congo, Rep."
2004,69.7,"Congo, Rep."
2003,70.7,"Congo, Rep."
2002,71.4,"Congo, Rep."
2001,72.0,"Congo, Rep."
2000,72.5,"Congo, Rep."
2019,19.0,Costa Rica
2018,18.8,Costa Rica
2017,18.7,Costa Rica
2016,18.6,Costa Rica
2015,18.6,Costa Rica
2014,18.6,Costa Rica
2013,18.6,Costa Rica
2012,18.7,Costa Rica
2011,18.8,Costa Rica
2010,18.9,Costa Rica
2009,19.1,Costa Rica
2008,19.3,Costa Rica
2007,19.4,Costa Rica
2006,19.5,Costa Rica
2005,19.6,Costa Rica
2004,19.7,Costa Rica
2003,19.7,Costa Rica
2002,19.8,Costa Rica
2001,19.9,Costa Rica
2000,20.1,Costa Rica
2019,72.2,Cote d'Ivoire
2018,73.0,Cote d'Ivoire
2017,73.6,Cote d'Ivoire
2016,74.0,Cote d'Ivoire
2015,74.2,Cote d'Ivoire
2014,74.3,Cote d'Ivoire
2013,74.3,Cote d'Ivoire
2012,74.3,Cote d'Ivoire
2011,74.3,Cote d'Ivoire
2010,74.4,Cote d'Ivoire
2009,74.6,Cote d'Ivoire
2008,75.0,Cote d'Ivoire
2007,75.4,Cote d'Ivoire
2006,76.0,Cote d'Ivoire
2005,76.6,Cote d'Ivoire
2004,77.2,Cote d'Ivoire
2003,77.9,Cote d'Ivoire
2002,78.6,Cote d'Ivoire
2001,79.3,Cote d'Ivoire
2000,80.0,Cote d'Ivoire
2019,20.2,Croatia
2018,19.8,Croatia
2017,19.4,Croatia
2016,19.2,Croatia
2015,19.0,Croatia
2014,18.8,Croatia
2013,18.7,Croatia
2012,18.7,Croatia
2011,18.7,Croatia
2010,18.7,Croatia
2009,18.8,Croatia
2008,19.0,Croatia
2007,19.2,Croatia
2006,19.4,Croatia
2005,19.5,Croatia
2004,19.7,Croatia
2003,19.8,Croatia
2002,20.0,Croatia
2001,20.2,Croatia
2000,20.5,Croatia
2019,18.1,Cuba
2018,18.5,Cuba
2017,18.9,Cuba
2016,19.4,Cuba
2015,19.9,Cuba
2014,20.5,Cuba
2013,21.0,Cuba
2012,21.5,Cuba
2011,21.9,Cuba
2010,22.5,Cuba
2009,23.3,Cuba
2008,24.0,Cuba
2007,24.6,Cuba
2006,25.2,Cuba
2005,25.7,Cuba
2004,26.2,Cuba
2003,26.4,Cuba
2002,26.4,Cuba
2001,26.3,Cuba
2000,26.4,Cuba
2019,14.5,Cyprus
2018,14.2,Cyprus
2017,13.9,Cyprus
2016,13.7,Cyprus
2015,13.4,Cyprus
2014,13.2,Cyprus
2013,13.1,Cyprus
2012,12.9,Cyprus
2011,12.9,Cyprus
2010,12.8,Cyprus
2009,12.8,Cyprus
2008,12.8,Cyprus
2007,12.9,Cyprus
2006,12.9,Cyprus
2005,12.9,Cyprus
2004,13.0,Cyprus
2003,13.0,Cyprus
2002,13.1,Cyprus
2001,13.2,Cyprus
2000,13.4,Cyprus
2019,18.7,Czechia
2018,18.2,Czechia
2017,17.8,Czechia
2016,17.5,Czechia
2015,17.2,Czechia
2014,16.9,Czechia
2013,16.6,Czechia
2012,16.4,Czechia
2011,16.2,Czechia
2010,16.1,Czechia
2009,16.0,Czechia
2008,16.0,Czechia
2007,16.1,Czechia
2006,16.2,Czechia
2005,16.4,Czechia
2004,16.6,Czechia
2003,16.7,Czechia
2002,16.9,Czechia
2001,17.0,Czechia
2000,17.4,Czechia
2019,14.5,Denmark
2018,14.2,Denmark
2017,14.1,Denmark
2016,13.8,Denmark
2015,13.5,Denmark
2014,13.3,Denmark
2013,13.1,Denmark
2012,13.0,Denmark
2011,12.8,Denmark
2010,12.6,Denmark
2009,12.5,Denmark
2008,12.5,Denmark
2007,12.6,Denmark
2006,12.7,Denmark
2005,12.7,Denmark
2004,12.8,Denmark
2003,13.0,Denmark
2002,13.1,Denmark
2001,13.0,Denmark
2000,12.9,Denmark
2019,52.0,Djibouti
2018,52.0,Djibouti
2017,52.0,Djibouti
2016,52.0,Djibouti
2015,51.9,Djibouti
2014,51.9,Djibouti
2013,52.0,Djibouti
2012,52.1,Djibouti
2011,52.4,Djibouti
2010,52.8,Djibouti
2009,53.3,Djibouti
2008,54.0,Djibouti
2007,54.7,Djibouti
2006,55.4,Djibouti
2005,56.2,Djibouti
2004,57.2,Djibouti
2003,58.3,Djibouti
2002,59.4,Djibouti
2001,60.5,Djibouti
2000,61.5,Djibouti
2019,29.8,Dominica
2018,29.5,Dominica
2017,29.2,Dominica
2016,29.1,Dominica
2015,28.9,Dominica
2014,28.7,Dominica
2013,28.5,Dominica
2012,28.4,Dominica
2011,28.3,Dominica
2010,28.2,Dominica
2009,27.9,Dominica
2008,27.6,Dominica
2007,27.3,Dominica
2006,27.0,Dominica
2005,26.7,Dominica
2004,26.5,Dominica
2003,26.3,Dominica
2002,26.4,Dominica
2001,26.6,Dominica
2000,26.8,Dominica
2019,27.8,Dominican Republic
2018,28.0,Dominican Republic
2017,28.2,Dominican Republic
2016,28.5,Dominican Republic
2015,28.9,Dominican Republic
2014,29.2,Dominican Republic
2013,29.3,Dominican Republic
2012,29.6,Dominican Republic
2011,29.8,Dominican Republic
2010,30.0,Dominican Republic
2009,30.2,Dominican Republic
2008,30.6,Dominican Republic
2007,31.1,Dominican Republic
2006,31.7,Dominican Republic
2005,32.3,Dominican Republic
2004,32.8,Dominican Republic
2003,33.2,Dominican Republic
2002,33.7,Dominican Republic
2001,34.1,Dominican Republic
2000,34.6,Dominican Republic
2019,23.5,Ecuador
2018,23.6,Ecuador
2017,23.7,Ecuador
2016,23.8,Ecuador
2015,24.0,Ecuador
2014,24.3,Ecuador
2013,24.5,Ecuador
2012,25.0,Ecuador
2011,25.6,Ecuador
2010,26.3,Ecuador
2009,27.1,Ecuador
2008,27.8,Ecuador
2007,28.5,Ecuador
2006,29.2,Ecuador
2005,29.6,Ecuador
2004,30.1,Ecuador
2003,30.5,Ecuador
2002,30.9,Ecuador
2001,31.4,Ecuador
2000,31.9,Ecuador
2019,32.2,"Egypt, Arab Rep."
2018,32.5,"Egypt, Arab Rep."
2017,33.0,"Egypt, Arab Rep."
2016,33.5,"Egypt, Arab Rep."
2015,34.1,"Egypt, Arab Rep."
2014,34.9,"Egypt, Arab Rep."
2013,35.5,"Egypt, Arab Rep."
2012,36.2,"Egypt, Arab Rep."
2011,36.9,"Egypt, Arab Rep."
2010,37.7,"Egypt, Arab Rep."
2009,38.4,"Egypt, Arab Rep."
2008,39.1,"Egypt, Arab Rep."
2007,39.7,"Egypt, Arab Rep."
2006,40.0,"Egypt, Arab Rep."
2005,40.2,"Egypt, Arab Rep."
2004,40.1,"Egypt, Arab Rep."
2003,40.0,"Egypt, Arab Rep."
2002,39.8,"Egypt, Arab Rep."
2001,39.6,"Egypt, Arab Rep."
2000,39.6,"Egypt, Arab Rep."
2019,24.6,El Salvador
2018,24.6,El Salvador
2017,24.6,El Salvador
2016,24.7,El Salvador
2015,24.8,El Salvador
2014,24.9,El Salvador
2013,24.9,El Salvador
2012,24.9,El Salvador
2011,24.9,El Salvador
2010,24.9,El Salvador
2009,24.7,El Salvador
2008,24.5,El Salvador
2007,24.3,El Salvador
2006,24.1,El Salvador
2005,23.7,El Salvador
2004,23.3,El Salvador
2003,22.9,El Salvador
2002,22.5,El Salvador
2001,22.2,El Salvador
2000,21.9,El Salvador
2019,64.3,Equatorial Guinea
2018,65.0,Equatorial Guinea
2017,65.7,Equatorial Guinea
2016,66.3,Equatorial Guinea
2015,66.8,Equatorial Guinea
2014,67.2,Equatorial Guinea
2013,67.5,Equatorial Guinea
2012,67.9,Equatorial Guinea
2011,68.3,Equatorial Guinea
2010,68.9,Equatorial Guinea
2009,69.5,Equatorial Guinea
2008,70.3,Equatorial Guinea
2007,71.2,Equatorial Guinea
2006,72.2,Equatorial Guinea
2005,73.1,Equatorial Guinea
2004,74.1,Equatorial Guinea
2003,75.0,Equatorial Guinea
2002,75.9,Equatorial Guinea
2001,76.8,Equatorial Guinea
2000,77.7,Equatorial Guinea
2019,48.8,Eritrea
2018,48.8,Eritrea
2017,48.7,Eritrea
2016,48.7,Eritrea
2015,48.6,Eritrea
2014,48.7,Eritrea
2013,48.8,Eritrea
2012,49.0,Eritrea
2011,49.4,Eritrea
2010,49.9,Eritrea
2009,50.6,Eritrea
2008,51.3,Eritrea
2007,52.1,Eritrea
2006,53.0,Eritrea
2005,53.8,Eritrea
2004,54.7,Eritrea
2003,55.7,Eritrea
2002,56.8,Eritrea
2001,58.1,Eritrea
2000,59.5,Eritrea
2019,18.0,Estonia
2018,17.8,Estonia
2017,17.7,Estonia
2016,17.7,Estonia
2015,17.7,Estonia
2014,17.7,Estonia
2013,17.7,Estonia
2012,17.8,Estonia
2011,18.0,Estonia
2010,18.1,Estonia
2009,18.4,Estonia
2008,18.7,Estonia
2007,19.3,Estonia
2006,19.8,Estonia
2005,20.3,Estonia
2004,20.7,Estonia
2003,21.3,Estonia
2002,21.8,Estonia
2001,22.4,Estonia
2000,23.1,Estonia
2019,42.7,Eswatini
2018,43.4,Eswatini
2017,44.2,Eswatini
2016,42.6,Eswatini
2015,41.9,Eswatini
2014,42.8,Eswatini
2013,42.3,Eswatini
2012,42.3,Eswatini
2011,42.9,Eswatini
2010,44.1,Eswatini
2009,45.3,Eswatini
2008,45.6,Eswatini
2007,45.2,Eswatini
2006,45.4,Eswatini
2005,46.2,Eswatini
2004,46.0,Eswatini
2003,45.9,Eswatini
2002,45.7,Eswatini
2001,45.7,Eswatini
2000,45.8,Eswatini
2019,52.1,Ethiopia
2018,51.6,Ethiopia
2017,51.2,Ethiopia
2016,50.9,Ethiopia
2015,50.5,Ethiopia
2014,50.3,Ethiopia
2013,50.4,Ethiopia
2012,50.6,Ethiopia
2011,51.0,Ethiopia
2010,51.6,Ethiopia
2009,52.6,Ethiopia
2008,53.8,Ethiopia
2007,55.3,Ethiopia
2006,56.9,Ethiopia
2005,58.5,Ethiopia
2004,60.4,Ethiopia
2003,62.4,Ethiopia
2002,64.4,Ethiopia
2001,66.5,Ethiopia
2000,68.5,Ethiopia
2019,39.9,Fiji
2018,39.9,Fiji
2017,39.9,Fiji
2016,39.9,Fiji
2015,39.8,Fiji
2014,39.8,Fiji
2013,39.9,Fiji
2012,40.1,Fiji
2011,40.3,Fiji
2010,40.4,Fiji
2009,40.5,Fiji
2008,40.5,Fiji
2007,40.4,Fiji
2006,40.0,Fiji
2005,39.4,Fiji
2004,38.7,Fiji
2003,38.0,Fiji
2002,37.3,Fiji
2001,36.8,Fiji
2000,36.3,Fiji
2019,11.8,Finland
2018,11.4,Finland
2017,11.1,Finland
2016,10.8,Finland
2015,10.5,Finland
2014,10.4,Finland
2013,10.2,Finland
2012,10.1,Finland
2011,10.0,Finland
2010,10.0,Finland
2009,10.0,Finland
2008,10.1,Finland
2007,10.1,Finland
2006,10.2,Finland
2005,10.2,Finland
2004,10.3,Finland
2003,10.3,Finland
2002,10.4,Finland
2001,10.5,Finland
2000,10.7,Finland
2019,14.7,France
2018,14.2,France
2017,13.6,France
2016,13.1,France
2015,12.7,France
2014,12.3,France
2013,11.9,France
2012,11.7,France
2011,11.5,France
2010,11.4,France
2009,11.3,France
2008,11.2,France
2007,11.1,France
2006,11.0,France
2005,10.9,France
2004,10.9,France
2003,10.7,France
2002,10.7,France
2001,10.7,France
2000,10.9,France
2019,57.9,Gabon
2018,58.6,Gabon
2017,59.4,Gabon
2016,60.1,Gabon
2015,60.9,Gabon
2014,61.5,Gabon
2013,61.9,Gabon
2012,62.3,Gabon
2011,62.8,Gabon
2010,63.2,Gabon
2009,63.7,Gabon
2008,64.2,Gabon
2007,64.8,Gabon
2006,65.4,Gabon
2005,65.9,Gabon
2004,66.4,Gabon
2003,67.0,Gabon
2002,67.4,Gabon
2001,67.9,Gabon
2000,68.3,Gabon
2019,52.3,"Gambia, The"
2018,55.3,"Gambia, The"
2017,58.3,"Gambia, The"
2016,61.2,"Gambia, The"
2015,63.8,"Gambia, The"
2014,65.9,"Gambia, The"
2013,67.6,"Gambia, The"
2012,69.0,"Gambia, The"
2011,70.1,"Gambia, The"
2010,71.0,"Gambia, The"
2009,71.8,"Gambia, The"
2008,72.5,"Gambia, The"
2007,73.1,"Gambia, The"
2006,73.6,"Gambia, The"
2005,74.1,"Gambia, The"
2004,74.4,"Gambia, The"
2003,74.7,"Gambia, The"
2002,74.9,"Gambia, The"
2001,75.0,"Gambia, The"
2000,75.0,"Gambia, The"
2019,24.6,Georgia
2018,24.2,Georgia
2017,23.9,Georgia
2016,23.7,Georgia
2015,23.6,Georgia
2014,23.7,Georgia
2013,23.9,Georgia
2012,24.3,Georgia
2011,24.9,Georgia
2010,25.7,Georgia
2009,26.6,Georgia
2008,27.5,Georgia
2007,28.5,Georgia
2006,29.6,Georgia
2005,30.7,Georgia
2004,31.9,Georgia
2003,33.2,Georgia
2002,34.4,Georgia
2001,35.7,Georgia
2000,36.9,Georgia
2019,15.1,Germany
2018,14.5,Germany
2017,14.0,Germany
2016,13.5,Germany
2015,13.1,Germany
2014,12.7,Germany
2013,12.4,Germany
2012,12.1,Germany
2011,12.0,Germany
2010,11.9,Germany
2009,11.8,Germany
2008,11.8,Germany
2007,11.7,Germany
2006,11.7,Germany
2005,11.7,Germany
2004,11.7,Germany
2003,11.7,Germany
2002,11.6,Germany
2001,11.6,Germany
2000,11.7,Germany
2019,59.5,Ghana
2018,61.0,Ghana
2017,62.6,Ghana
2016,64.1,Ghana
2015,65.4,Ghana
2014,66.5,Ghana
2013,67.5,Ghana
2012,68.4,Ghana
2011,69.4,Ghana
2010,70.5,Ghana
2009,71.7,Ghana
2008,72.6,Ghana
2007,73.5,Ghana
2006,74.2,Ghana
2005,74.8,Ghana
2004,75.3,Ghana
2003,75.7,Ghana
2002,76.0,Ghana
2001,76.2,Ghana
2000,76.4,Ghana
2019,16.7,Greece
2018,16.5,Greece
2017,16.2,Greece
2016,15.8,Greece
2015,15.4,Greece
2014,15.0,Greece
2013,14.5,Greece
2012,14.1,Greece
2011,13.8,Greece
2010,13.6,Greece
2009,13.4,Greece
2008,13.3,Greece
2007,13.3,Greece
2006,13.3,Greece
2005,13.3,Greece
2004,13.3,Greece
2003,13.3,Greece
2002,13.5,Greece
2001,13.7,Greece
2000,14.0,Greece
2019,23.6,Grenada
2018,23.6,Grenada
2017,23.6,Grenada
2016,23.6,Grenada
2015,23.7,Grenada
2014,23.7,Grenada
2013,23.8,Grenada
2012,23.8,Grenada
2011,23.9,Grenada
2010,24.1,Grenada
2009,24.0,Grenada
2008,24.0,Grenada
2007,24.1,Grenada
2006,24.1,Grenada
2005,24.1,Grenada
2004,24.1,Grenada
2003,24.0,Grenada
2002,24.2,Grenada
2001,24.3,Grenada
2000,24.5,Grenada
2019,9.8,Guatemala
2018,10.2,Guatemala
2017,10.8,Guatemala
2016,11.8,Guatemala
2015,13.1,Guatemala
2014,14.7,Guatemala
2013,16.7,Guatemala
2012,19.1,Guatemala
2011,21.5,Guatemala
2010,24.0,Guatemala
2009,26.4,Guatemala
2008,28.4,Guatemala
2007,30.1,Guatemala
2006,31.4,Guatemala
2005,32.2,Guatemala
2004,32.8,Guatemala
2003,33.0,Guatemala
2002,32.9,Guatemala
2001,32.8,Guatemala
2000,32.7,Guatemala
2019,73.8,Guinea
2018,74.4,Guinea
2017,75.1,Guinea
2016,75.6,Guinea
2015,75.9,Guinea
2014,76.1,Guinea
2013,76.1,Guinea
2012,76.1,Guinea
2011,76.1,Guinea
2010,76.2,Guinea
2009,76.3,Guinea
2008,76.5,Guinea
2007,76.8,Guinea
2006,77.2,Guinea
2005,77.7,Guinea
2004,78.3,Guinea
2003,78.9,Guinea
2002,79.6,Guinea
2001,80.2,Guinea
2000,80.9,Guinea
2019,68.0,Guinea-Bissau
2018,68.9,Guinea-Bissau
2017,69.7,Guinea-Bissau
2016,70.4,Guinea-Bissau
2015,70.9,Guinea-Bissau
2014,71.3,Guinea-Bissau
2013,71.8,Guinea-Bissau
2012,72.2,Guinea-Bissau
2011,72.6,Guinea-Bissau
2010,73.2,Guinea-Bissau
2009,73.8,Guinea-Bissau
2008,74.5,Guinea-Bissau
2007,75.2,Guinea-Bissau
2006,75.9,Guinea-Bissau
2005,76.6,Guinea-Bissau
2004,77.3,Guinea-Bissau
2003,78.0,Guinea-Bissau
2002,78.6,Guinea-Bissau
2001,79.2,Guinea-Bissau
2000,79.7,Guinea-Bissau
2019,29.3,Guyana
2018,29.8,Guyana
2017,30.3,Guyana
2016,31.0,Guyana
2015,31.7,Guyana
2014,32.5,Guyana
2013,33.4,Guyana
2012,34.1,Guyana
2011,35.1,Guyana
2010,36.0,Guyana
2009,36.9,Guyana
2008,37.6,Guyana
2007,38.2,Guyana
2006,38.6,Guyana
2005,38.9,Guyana
2004,39.1,Guyana
2003,39.1,Guyana
2002,39.2,Guyana
2001,39.4,Guyana
2000,39.7,Guyana
2019,60.1,Haiti
2018,60.7,Haiti
2017,61.3,Haiti
2016,61.7,Haiti
2015,62.0,Haiti
2014,62.2,Haiti
2013,62.4,Haiti
2012,62.5,Haiti
2011,62.7,Haiti
2010,62.9,Haiti
2009,63.1,Haiti
2008,63.2,Haiti
2007,63.4,Haiti
2006,63.5,Haiti
2005,63.5,Haiti
2004,63.6,Haiti
2003,63.7,Haiti
2002,63.8,Haiti
2001,64.1,Haiti
2000,64.4,Haiti
2019,26.2,Honduras
2018,26.9,Honduras
2017,27.6,Honduras
2016,28.4,Honduras
2015,29.2,Honduras
2014,30.0,Honduras
2013,30.9,Honduras
2012,31.7,Honduras
2011,32.5,Honduras
2010,33.3,Honduras
2009,34.1,Honduras
2008,34.7,Honduras
2007,35.3,Honduras
2006,35.6,Honduras
2005,35.8,Honduras
2004,35.9,Honduras
2003,35.8,Honduras
2002,35.7,Honduras
2001,35.6,Honduras
2000,35.5,Honduras
2019,18.1,Hungary
2018,17.9,Hungary
2017,17.9,Hungary
2016,18.1,Hungary
2015,18.3,Hungary
2014,18.4,Hungary
2013,18.4,Hungary
2012,18.4,Hungary
2011,18.4,Hungary
2010,18.3,Hungary
2009,18.3,Hungary
2008,18.4,Hungary
2007,18.6,Hungary
2006,18.7,Hungary
2005,18.7,Hungary
2004,18.9,Hungary
2003,19.1,Hungary
2002,19.4,Hungary
2001,19.9,Hungary
2000,20.6,Hungary
2019,11.0,Iceland
2018,10.6,Iceland
2017,10.4,Iceland
2016,10.1,Iceland
2015,10.0,Iceland
2014,9.9,Iceland
2013,9.8,Iceland
2012,9.7,Iceland
2011,9.6,Iceland
2010,9.4,Iceland
2009,9.4,Iceland
2008,9.4,Iceland
2007,9.4,Iceland
2006,9.4,Iceland
2005,9.4,Iceland
2004,9.5,Iceland
2003,9.6,Iceland
2002,9.7,Iceland
2001,9.9,Iceland
2000,10.2,Iceland
2019,53.4,India
2018,53.9,India
2017,54.5,India
2016,55.0,India
2015,55.7,India
2014,56.4,India
2013,57.2,India
2012,58.0,India
2011,58.8,India
2010,59.7,India
2009,60.6,India
2008,61.5,India
2007,62.5,India
2006,63.4,India
2005,64.4,India
2004,65.3,India
2003,66.3,India
2002,67.3,India
2001,68.3,India
2000,69.5,India
2019,38.4,Indonesia
2018,38.2,Indonesia
2017,38.0,Indonesia
2016,37.8,Indonesia
2015,37.5,Indonesia
2014,37.2,Indonesia
2013,37.0,Indonesia
2012,36.9,Indonesia
2011,36.9,Indonesia
2010,37.1,Indonesia
2009,37.5,Indonesia
2008,37.9,Indonesia
2007,38.5,Indonesia
2006,39.1,Indonesia
2005,39.8,Indonesia
2004,40.5,Indonesia
2003,41.2,Indonesia
2002,42.1,Indonesia
2001,43.0,Indonesia
2000,43.9,Indonesia
2019,26.5,"Iran, Islamic Rep."
2018,26.4,"Iran, Islamic Rep."
2017,26.5,"Iran, Islamic Rep."
2016,26.8,"Iran, Islamic Rep."
2015,27.2,"Iran, Islamic Rep."
2014,27.7,"Iran, Islamic Rep."
2013,28.3,"Iran, Islamic Rep."
2012,29.0,"Iran, Islamic Rep."
2011,29.8,"Iran, Islamic Rep."
2010,30.7,"Iran, Islamic Rep."
2009,31.6,"Iran, Islamic Rep."
2008,32.5,"Iran, Islamic Rep."
2007,33.5,"Iran, Islamic Rep."
2006,34.5,"Iran, Islamic Rep."
2005,35.5,"Iran, Islamic Rep."
2004,36.5,"Iran, Islamic Rep."
2003,37.5,"Iran, Islamic Rep."
2002,38.5,"Iran, Islamic Rep."
2001,39.6,"Iran, Islamic Rep."
2000,40.9,"Iran, Islamic Rep."
2019,29.4,Iraq
2018,28.9,Iraq
2017,28.6,Iraq
2016,28.3,Iraq
2015,28.1,Iraq
2014,28.0,Iraq
2013,28.2,Iraq
2012,28.4,Iraq
2011,29.0,Iraq
2010,29.5,Iraq
2009,30.3,Iraq
2008,31.1,Iraq
2007,32.0,Iraq
2006,32.8,Iraq
2005,33.5,Iraq
2004,34.1,Iraq
2003,34.7,Iraq
2002,35.2,Iraq
2001,36.0,Iraq
2000,36.9,Iraq
2019,14.1,Ireland
2018,13.8,Ireland
2017,13.5,Ireland
2016,13.2,Ireland
2015,13.0,Ireland
2014,12.9,Ireland
2013,12.7,Ireland
2012,12.6,Ireland
2011,12.5,Ireland
2010,12.4,Ireland
2009,12.2,Ireland
2008,12.1,Ireland
2007,12.0,Ireland
2006,11.9,Ireland
2005,11.9,Ireland
2004,12.0,Ireland
2003,12.1,Ireland
2002,12.3,Ireland
2001,12.5,Ireland
2000,12.7,Ireland
2019,14.3,Israel
2018,13.9,Israel
2017,13.5,Israel
2016,13.3,Israel
2015,13.0,Israel
2014,12.8,Israel
2013,12.7,Israel
2012,12.6,Israel
2011,12.5,Israel
2010,12.5,Israel
2009,12.4,Israel
2008,12.4,Israel
2007,12.4,Israel
2006,12.4,Israel
2005,12.5,Israel
2004,12.6,Israel
2003,12.8,Israel
2002,13.2,Israel
2001,13.5,Israel
2000,14.0,Israel
2019,14.9,Italy
2018,14.5,Italy
2017,14.2,Italy
2016,13.9,Italy
2015,13.6,Italy
2014,13.3,Italy
2013,13.0,Italy
2012,12.7,Italy
2011,12.5,Italy
2010,12.3,Italy
2009,12.2,Italy
2008,12.2,Italy
2007,12.1,Italy
2006,12.1,Italy
2005,12.0,Italy
2004,12.0,Italy
2003,12.0,Italy
2002,12.0,Italy
2001,12.1,Italy
2000,12.3,Italy
2019,23.6,Jamaica
2018,23.7,Jamaica
2017,24.0,Jamaica
2016,24.3,Jamaica
2015,24.5,Jamaica
2014,24.9,Jamaica
2013,25.1,Jamaica
2012,25.5,Jamaica
2011,25.9,Jamaica
2010,26.3,Jamaica
2009,26.6,Jamaica
2008,26.9,Jamaica
2007,27.1,Jamaica
2006,27.2,Jamaica
2005,27.2,Jamaica
2004,27.3,Jamaica
2003,27.3,Jamaica
2002,27.3,Jamaica
2001,27.4,Jamaica
2000,27.7,Jamaica
2019,16.7,Japan
2018,16.5,Japan
2017,16.2,Japan
2016,16.0,Japan
2015,15.8,Japan
2014,15.7,Japan
2013,15.5,Japan
2012,15.4,Japan
2011,15.4,Japan
2010,15.3,Japan
2009,15.2,Japan
2008,15.2,Japan
2007,15.1,Japan
2006,15.1,Japan
2005,15.0,Japan
2004,14.9,Japan
2003,14.9,Japan
2002,14.9,Japan
2001,14.9,Japan
2000,15.1,Japan
2019,32.7,Jordan
2018,32.4,Jordan
2017,32.1,Jordan
2016,31.7,Jordan
2015,31.3,Jordan
2014,30.9,Jordan
2013,30.6,Jordan
2012,30.5,Jordan
2011,30.5,Jordan
2010,30.4,Jordan
2009,30.6,Jordan
2008,30.8,Jordan
2007,30.9,Jordan
2006,31.1,Jordan
2005,31.1,Jordan
2004,31.2,Jordan
2003,31.3,Jordan
2002,31.5,Jordan
2001,32.0,Jordan
2000,32.6,Jordan
2019,23.0,Kazakhstan
2018,22.2,Kazakhstan
2017,21.7,Kazakhstan
2016,21.6,Kazakhstan
2015,21.7,Kazakhstan
2014,22.2,Kazakhstan
2013,22.9,Kazakhstan
2012,23.8,Kazakhstan
2011,24.8,Kazakhstan
2010,26.0,Kazakhstan
2009,27.2,Kazakhstan
2008,28.6,Kazakhstan
2007,30.0,Kazakhstan
2006,31.5,Kazakhstan
2005,32.9,Kazakhstan
2004,34.3,Kazakhstan
2003,35.9,Kazakhstan
2002,37.6,Kazakhstan
2001,39.6,Kazakhstan
2000,41.9,Kazakhstan
2019,42.8,Kenya
2018,42.0,Kenya
2017,41.4,Kenya
2016,40.6,Kenya
2015,40.1,Kenya
2014,39.7,Kenya
2013,39.3,Kenya
2012,39.3,Kenya
2011,39.4,Kenya
2010,39.9,Kenya
2009,40.7,Kenya
2008,42.0,Kenya
2007,43.7,Kenya
2006,45.3,Kenya
2005,46.9,Kenya
2004,48.8,Kenya
2003,50.6,Kenya
2002,52.5,Kenya
2001,54.6,Kenya
2000,56.7,Kenya
2019,49.4,Kiribati
2018,49.9,Kiribati
2017,50.4,Kiribati
2016,50.9,Kiribati
2015,51.5,Kiribati
2014,51.9,Kiribati
2013,52.3,Kiribati
2012,52.6,Kiribati
2011,52.9,Kiribati
2010,53.1,Kiribati
2009,53.2,Kiribati
2008,53.2,Kiribati
2007,53.0,Kiribati
2006,52.7,Kiribati
2005,52.4,Kiribati
2004,52.1,Kiribati
2003,51.9,Kiribati
2002,51.9,Kiribati
2001,52.0,Kiribati
2000,52.2,Kiribati
2019,31.6,"Korea, Dem. People's Rep."
2018,31.4,"Korea, Dem. People's Rep."
2017,31.2,"Korea, Dem. People's Rep."
2016,31.0,"Korea, Dem. People's Rep."
2015,30.9,"Korea, Dem. People's Rep."
2014,31.0,"Korea, Dem. People's Rep."
2013,31.1,"Korea, Dem. People's Rep."
2012,31.4,"Korea, Dem. People's Rep."
2011,31.9,"Korea, Dem. People's Rep."
2010,32.5,"Korea, Dem. People's Rep."
2009,32.9,"Korea, Dem. People's Rep."
2008,33.2,"Korea, Dem. People's Rep."
2007,33.4,"Korea, Dem. People's Rep."
2006,33.5,"Korea, Dem. People's Rep."
2005,33.8,"Korea, Dem. People's Rep."
2004,34.5,"Korea, Dem. People's Rep."
2003,35.9,"Korea, Dem. People's Rep."
2002,37.9,"Korea, Dem. People's Rep."
2001,40.4,"Korea, Dem. People's Rep."
2000,42.9,"Korea, Dem. People's Rep."
2019,15.0,"Korea, Rep."
2018,14.7,"Korea, Rep."
2017,14.4,"Korea, Rep."
2016,14.2,"Korea, Rep."
2015,14.1,"Korea, Rep."
2014,13.9,"Korea, Rep."
2013,13.9,"Korea, Rep."
2012,13.8,"Korea, Rep."
2011,13.8,"Korea, Rep."
2010,13.8,"Korea, Rep."
2009,13.8,"Korea, Rep."
2008,13.9,"Korea, Rep."
2007,14.1,"Korea, Rep."
2006,14.2,"Korea, Rep."
2005,14.3,"Korea, Rep."
2004,14.4,"Korea, Rep."
2003,14.5,"Korea, Rep."
2002,14.5,"Korea, Rep."
2001,14.6,"Korea, Rep."
2000,14.7,"Korea, Rep."
2019,19.8,Kuwait
2018,19.4,Kuwait
2017,19.2,Kuwait
2016,18.8,Kuwait
2015,18.6,Kuwait
2014,18.4,Kuwait
2013,18.1,Kuwait
2012,17.7,Kuwait
2011,17.5,Kuwait
2010,17.4,Kuwait
2009,17.5,Kuwait
2008,17.3,Kuwait
2007,17.3,Kuwait
2006,17.5,Kuwait
2005,17.9,Kuwait
2004,18.3,Kuwait
2003,18.6,Kuwait
2002,18.9,Kuwait
2001,19.4,Kuwait
2000,20.0,Kuwait
2019,33.4,Kyrgyz Republic
2018,33.3,Kyrgyz Republic
2017,33.4,Kyrgyz Republic
2016,33.5,Kyrgyz Republic
2015,33.6,Kyrgyz Republic
2014,33.6,Kyrgyz Republic
2013,33.7,Kyrgyz Republic
2012,34.0,Kyrgyz Republic
2011,34.2,Kyrgyz Republic
2010,34.7,Kyrgyz Republic
2009,35.3,Kyrgyz Republic
2008,35.9,Kyrgyz Republic
2007,36.6,Kyrgyz Republic
2006,37.3,Kyrgyz Republic
2005,37.8,Kyrgyz Republic
2004,38.5,Kyrgyz Republic
2003,39.3,Kyrgyz Republic
2002,40.2,Kyrgyz Republic
2001,41.4,Kyrgyz Republic
2000,42.8,Kyrgyz Republic
2019,41.4,Lao PDR
2018,41.3,Lao PDR
2017,41.3,Lao PDR
2016,41.4,Lao PDR
2015,41.5,Lao PDR
2014,41.6,Lao PDR
2013,41.8,Lao PDR
2012,42.0,Lao PDR
2011,42.4,Lao PDR
2010,42.9,Lao PDR
2009,43.4,Lao PDR
2008,44.0,Lao PDR
2007,44.7,Lao PDR
2006,45.4,Lao PDR
2005,46.2,Lao PDR
2004,46.9,Lao PDR
2003,47.7,Lao PDR
2002,48.4,Lao PDR
2001,49.3,Lao PDR
2000,50.2,Lao PDR
2019,19.4,Latvia
2018,19.2,Latvia
2017,19.2,Latvia
2016,19.3,Latvia
2015,19.5,Latvia
2014,19.7,Latvia
2013,20.0,Latvia
2012,20.3,Latvia
2011,20.6,Latvia
2010,20.9,Latvia
2009,21.3,Latvia
2008,21.7,Latvia
2007,22.3,Latvia
2006,22.8,Latvia
2005,23.5,Latvia
2004,24.3,Latvia
2003,25.0,Latvia
2002,25.7,Latvia
2001,26.5,Latvia
2000,27.4,Latvia
2019,22.8,Lebanon
2018,22.5,Lebanon
2017,22.3,Lebanon
2016,22.0,Lebanon
2015,21.8,Lebanon
2014,21.6,Lebanon
2013,21.5,Lebanon
2012,21.3,Lebanon
2011,21.2,Lebanon
2010,21.2,Lebanon
2009,21.5,Lebanon
2008,21.7,Lebanon
2007,22.1,Lebanon
2006,22.5,Lebanon
2005,23.0,Lebanon
2004,23.6,Lebanon
2003,24.0,Lebanon
2002,24.6,Lebanon
2001,25.3,Lebanon
2000,26.1,Lebanon
2019,51.4,Lesotho
2018,50.7,Lesotho
2017,50.5,Lesotho
2016,50.3,Lesotho
2015,50.3,Lesotho
2014,49.7,Lesotho
2013,49.3,Lesotho
2012,49.0,Lesotho
2011,48.7,Lesotho
2010,48.7,Lesotho
2009,49.2,Lesotho
2008,49.9,Lesotho
2007,49.8,Lesotho
2006,49.9,Lesotho
2005,49.5,Lesotho
2004,49.2,Lesotho
2003,49.0,Lesotho
2002,48.8,Lesotho
2001,48.7,Lesotho
2000,48.5,Lesotho
2019,72.3,Liberia
2018,72.6,Liberia
2017,72.7,Liberia
2016,72.7,Liberia
2015,72.5,Liberia
2014,72.2,Liberia
2013,71.9,Liberia
2012,71.6,Liberia
2011,71.4,Liberia
2010,71.3,Liberia
2009,71.4,Liberia
2008,71.8,Liberia
2007,72.5,Liberia
2006,73.3,Liberia
2005,74.4,Liberia
2004,75.6,Liberia
2003,76.9,Liberia
2002,78.2,Liberia
2001,79.6,Liberia
2000,81.0,Liberia
2019,26.6,Libya
2018,26.4,Libya
2017,26.3,Libya
2016,26.2,Libya
2015,26.3,Libya
2014,26.4,Libya
2013,26.5,Libya
2012,26.8,Libya
2011,27.1,Libya
2010,27.5,Libya
2009,28.1,Libya
2008,28.8,Libya
2007,29.5,Libya
2006,30.4,Libya
2005,31.0,Libya
2004,31.6,Libya
2003,32.0,Libya
2002,32.3,Libya
2001,32.7,Libya
2000,33.2,Libya
2019,17.8,Lithuania
2018,17.6,Lithuania
2017,17.6,Lithuania
2016,17.5,Lithuania
2015,17.5,Lithuania
2014,17.3,Lithuania
2013,17.1,Lithuania
2012,17.0,Lithuania
2011,17.1,Lithuania
2010,17.5,Lithuania
2009,18.0,Lithuania
2008,18.6,Lithuania
2007,19.3,Lithuania
2006,20.0,Lithuania
2005,20.7,Lithuania
2004,21.5,Lithuania
2003,22.1,Lithuania
2002,22.6,Lithuania
2001,23.2,Lithuania
2000,23.8,Lithuania
2019,11.7,Luxembourg
2018,11.3,Luxembourg
2017,11.0,Luxembourg
2016,10.6,Luxembourg
2015,10.3,Luxembourg
2014,10.1,Luxembourg
2013,9.9,Luxembourg
2012,9.7,Luxembourg
2011,9.6,Luxembourg
2010,9.5,Luxembourg
2009,9.4,Luxembourg
2008,9.4,Luxembourg
2007,9.3,Luxembourg
2006,9.3,Luxembourg
2005,9.3,Luxembourg
2004,9.4,Luxembourg
2003,9.4,Luxembourg
2002,9.5,Luxembourg
2001,9.7,Luxembourg
2000,9.9,Luxembourg
2019,49.5,Madagascar
2018,49.5,Madagascar
2017,49.6,Madagascar
2016,49.7,Madagascar
2015,49.9,Madagascar
2014,50.2,Madagascar
2013,50.6,Madagascar
2012,51.0,Madagascar
2011,51.6,Madagascar
2010,52.3,Madagascar
2009,53.2,Madagascar
2008,54.1,Madagascar
2007,55.2,Madagascar
2006,56.2,Madagascar
2005,57.2,Madagascar
2004,58.4,Madagascar
2003,59.6,Madagascar
2002,61.0,Madagascar
2001,62.5,Madagascar
2000,64.4,Madagascar
2019,55.1,Malawi
2018,55.6,Malawi
2017,56.2,Malawi
2016,56.8,Malawi
2015,57.6,Malawi
2014,58.6,Malawi
2013,60.0,Malawi
2012,61.7,Malawi
2011,63.4,Malawi
2010,64.8,Malawi
2009,65.9,Malawi
2008,67.0,Malawi
2007,68.0,Malawi
2006,68.9,Malawi
2005,69.9,Malawi
2004,71.2,Malawi
2003,72.5,Malawi
2002,74.0,Malawi
2001,75.3,Malawi
2000,76.4,Malawi
2019,24.6,Malaysia
2018,23.8,Malaysia
2017,23.1,Malaysia
2016,22.5,Malaysia
2015,21.8,Malaysia
2014,21.3,Malaysia
2013,20.8,Malaysia
2012,20.4,Malaysia
2011,20.2,Malaysia
2010,20.1,Malaysia
2009,19.9,Malaysia
2008,19.8,Malaysia
2007,19.7,Malaysia
2006,19.6,Malaysia
2005,19.5,Malaysia
2004,19.4,Malaysia
2003,19.4,Malaysia
2002,19.6,Malaysia
2001,19.8,Malaysia
2000,20.2,Malaysia
2019,37.8,Maldives
2018,37.3,Maldives
2017,36.8,Maldives
2016,36.3,Maldives
2015,35.6,Maldives
2014,35.0,Maldives
2013,34.4,Maldives
2012,33.9,Maldives
2011,33.6,Maldives
2010,33.4,Maldives
2009,33.4,Maldives
2008,33.6,Maldives
2007,34.1,Maldives
2006,34.8,Maldives
2005,35.8,Maldives
2004,37.0,Maldives
2003,38.5,Maldives
2002,40.3,Maldives
2001,42.5,Maldives
2000,44.9,Maldives
2019,79.0,Mali
2018,79.8,Mali
2017,80.4,Mali
2016,81.0,Mali
2015,81.4,Mali
2014,81.7,Mali
2013,81.8,Mali
2012,81.8,Mali
2011,81.7,Mali
2010,81.8,Mali
2009,81.8,Mali
2008,81.9,Mali
2007,82.0,Mali
2006,82.3,Mali
2005,82.7,Mali
2004,83.1,Mali
2003,83.6,Mali
2002,84.0,Mali
2001,84.5,Mali
2000,85.0,Mali
2019,17.4,Malta
2018,16.9,Malta
2017,16.4,Malta
2016,16.1,Malta
2015,15.8,Malta
2014,15.5,Malta
2013,15.3,Malta
2012,15.2,Malta
2011,15.0,Malta
2010,15.0,Malta
2009,14.9,Malta
2008,14.8,Malta
2007,14.7,Malta
2006,14.6,Malta
2005,14.6,Malta
2004,14.6,Malta
2003,14.7,Malta
2002,14.7,Malta
2001,14.9,Malta
2000,15.1,Malta
2019,39.5,Marshall Islands
2018,39.9,Marshall Islands
2017,40.4,Marshall Islands
2016,40.8,Marshall Islands
2015,41.2,Marshall Islands
2014,41.7,Marshall Islands
2013,42.1,Marshall Islands
2012,42.5,Marshall Islands
2011,42.8,Marshall Islands
2010,42.9,Marshall Islands
2009,43.0,Marshall Islands
2008,43.1,Marshall Islands
2007,43.1,Marshall Islands
2006,42.9,Marshall Islands
2005,42.5,Marshall Islands
2004,42.0,Marshall Islands
2003,41.5,Marshall Islands
2002,40.9,Marshall Islands
2001,40.3,Marshall Islands
2000,39.7,Marshall Islands
2019,65.5,Mauritania
2018,66.3,Mauritania
2017,67.1,Mauritania
2016,67.7,Mauritania
2015,68.2,Mauritania
2014,68.6,Mauritania
2013,68.9,Mauritania
2012,69.2,Mauritania
2011,69.5,Mauritania
2010,69.9,Mauritania
2009,70.3,Mauritania
2008,70.7,Mauritania
2007,71.2,Mauritania
2006,71.7,Mauritania
2005,72.2,Mauritania
2004,72.6,Mauritania
2003,73.0,Mauritania
2002,73.3,Mauritania
2001,73.6,Mauritania
2000,73.8,Mauritania
2019,30.7,Mauritius
2018,29.6,Mauritius
2017,28.7,Mauritius
2016,27.9,Mauritius
2015,27.4,Mauritius
2014,27.1,Mauritius
2013,27.0,Mauritius
2012,26.7,Mauritius
2011,26.5,Mauritius
2010,26.5,Mauritius
2009,26.6,Mauritius
2008,27.0,Mauritius
2007,27.3,Mauritius
2006,27.6,Mauritius
2005,27.9,Mauritius
2004,28.1,Mauritius
2003,28.3,Mauritius
2002,28.8,Mauritius
2001,29.6,Mauritius
2000,30.7,Mauritius
2019,21.7,Mexico
2018,21.7,Mexico
2017,21.9,Mexico
2016,22.2,Mexico
2015,22.5,Mexico
2014,22.9,Mexico
2013,23.4,Mexico
2012,23.9,Mexico
2011,24.5,Mexico
2010,25.1,Mexico
2009,25.7,Mexico
2008,26.3,Mexico
2007,26.9,Mexico
2006,27.5,Mexico
2005,28.0,Mexico
2004,28.4,Mexico
2003,28.9,Mexico
2002,29.4,Mexico
2001,30.0,Mexico
2000,30.7,Mexico
2019,36.7,"Micronesia, Fed. Sts."
2018,36.8,"Micronesia, Fed. Sts."
2017,37.0,"Micronesia, Fed. Sts."
2016,37.2,"Micronesia, Fed. Sts."
2015,37.3,"Micronesia, Fed. Sts."
2014,37.5,"Micronesia, Fed. Sts."
2013,37.7,"Micronesia, Fed. Sts."
2012,37.8,"Micronesia, Fed. Sts."
2011,38.0,"Micronesia, Fed. Sts."
2010,38.0,"Micronesia, Fed. Sts."
2009,38.2,"Micronesia, Fed. Sts."
2008,38.3,"Micronesia, Fed. Sts."
2007,38.3,"Micronesia, Fed. Sts."
2006,38.1,"Micronesia, Fed. Sts."
2005,37.8,"Micronesia, Fed. Sts."
2004,37.4,"Micronesia, Fed. Sts."
2003,37.0,"Micronesia, Fed. Sts."
2002,36.6,"Micronesia, Fed. Sts."
2001,36.2,"Micronesia, Fed. Sts."
2000,35.9,"Micronesia, Fed. Sts."
2019,27.0,Moldova
2018,26.7,Moldova
2017,26.5,Moldova
2016,26.3,Moldova
2015,26.3,Moldova
2014,26.3,Moldova
2013,26.4,Moldova
2012,26.8,Moldova
2011,27.4,Moldova
2010,27.8,Moldova
2009,28.4,Moldova
2008,29.0,Moldova
2007,29.9,Moldova
2006,30.8,Moldova
2005,31.7,Moldova
2004,32.7,Moldova
2003,34.0,Moldova
2002,35.5,Moldova
2001,37.0,Moldova
2000,38.6,Moldova
2019,14.3,Monaco
2018,13.9,Monaco
2017,13.6,Monaco
2016,13.3,Monaco
2015,13.0,Monaco
2014,12.8,Monaco
2013,12.6,Monaco
2012,12.4,Monaco
2011,12.2,Monaco
2010,12.1,Monaco
2009,12.0,Monaco
2008,12.0,Monaco
2007,11.9,Monaco
2006,11.8,Monaco
2005,11.8,Monaco
2004,11.7,Monaco
2003,11.7,Monaco
2002,11.7,Monaco
2001,11.7,Monaco
2000,11.8,Monaco
2019,21.7,Mongolia
2018,21.2,Mongolia
2017,20.8,Mongolia
2016,20.7,Mongolia
2015,20.8,Mongolia
2014,21.0,Mongolia
2013,21.4,Mongolia
2012,21.7,Mongolia
2011,22.2,Mongolia
2010,22.9,Mongolia
2009,23.6,Mongolia
2008,24.3,Mongolia
2007,25.0,Mongolia
2006,25.9,Mongolia
2005,26.9,Mongolia
2004,27.7,Mongolia
2003,28.5,Mongolia
2002,29.4,Mongolia
2001,30.8,Mongolia
2000,32.6,Mongolia
2019,14.7,Montenegro
2018,14.5,Montenegro
2017,14.4,Montenegro
2016,14.5,Montenegro
2015,14.7,Montenegro
2014,15.1,Montenegro
2013,15.5,Montenegro
2012,16.1,Montenegro
2011,16.7,Montenegro
2010,17.4,Montenegro
2009,18.3,Montenegro
2008,19.2,Montenegro
2007,20.1,Montenegro
2006,21.0,Montenegro
2005,21.8,Montenegro
2004,22.6,Montenegro
2003,23.4,Montenegro
2002,24.2,Montenegro
2001,25.0,Montenegro
2000,25.8,Montenegro
2019,30.4,Morocco
2018,30.2,Morocco
2017,30.1,Morocco
2016,30.1,Morocco
2015,30.1,Morocco
2014,30.3,Morocco
2013,30.6,Morocco
2012,30.9,Morocco
2011,31.3,Morocco
2010,31.8,Morocco
2009,32.3,Morocco
2008,32.8,Morocco
2007,33.3,Morocco
2006,33.7,Morocco
2005,34.0,Morocco
2004,34.2,Morocco
2003,34.5,Morocco
2002,34.7,Morocco
2001,35.3,Morocco
2000,36.0,Morocco
2019,68.2,Mozambique
2018,67.7,Mozambique
2017,66.9,Mozambique
2016,66.1,Mozambique
2015,65.5,Mozambique
2014,65.1,Mozambique
2013,64.7,Mozambique
2012,64.6,Mozambique
2011,64.7,Mozambique
2010,65.1,Mozambique
2009,65.5,Mozambique
2008,66.4,Mozambique
2007,67.5,Mozambique
2006,68.7,Mozambique
2005,69.8,Mozambique
2004,71.0,Mozambique
2003,72.3,Mozambique
2002,73.7,Mozambique
2001,75.2,Mozambique
2000,76.7,Mozambique
2019,49.6,Myanmar
2018,49.6,Myanmar
2017,49.6,Myanmar
2016,49.6,Myanmar
2015,49.5,Myanmar
2014,49.4,Myanmar
2013,49.3,Myanmar
2012,49.3,Myanmar
2011,49.6,Myanmar
2010,50.0,Myanmar
2009,50.5,Myanmar
2008,51.1,Myanmar
2007,51.9,Myanmar
2006,52.7,Myanmar
2005,53.5,Myanmar
2004,54.2,Myanmar
2003,55.0,Myanmar
2002,55.8,Myanmar
2001,56.6,Myanmar
2000,57.5,Myanmar
2019,46.1,Namibia
2018,46.1,Namibia
2017,46.3,Namibia
2016,46.7,Namibia
2015,47.0,Namibia
2014,46.7,Namibia
2013,47.0,Namibia
2012,47.2,Namibia
2011,46.2,Namibia
2010,45.6,Namibia
2009,45.8,Namibia
2008,46.4,Namibia
2007,47.2,Namibia
2006,47.9,Namibia
2005,48.5,Namibia
2004,48.7,Namibia
2003,48.2,Namibia
2002,47.8,Namibia
2001,47.7,Namibia
2000,47.7,Namibia
2019,41.8,Nauru
2018,42.3,Nauru
2017,43.0,Nauru
2016,43.7,Nauru
2015,44.3,Nauru
2014,45.0,Nauru
2013,45.7,Nauru
2012,46.4,Nauru
2011,47.0,Nauru
2010,47.3,Nauru
2009,47.6,Nauru
2008,47.7,Nauru
2007,47.5,Nauru
2006,47.1,Nauru
2005,46.5,Nauru
2004,45.9,Nauru
2003,45.3,Nauru
2002,44.7,Nauru
2001,44.3,Nauru
2000,44.0,Nauru
2019,44.6,Nepal
2018,44.5,Nepal
2017,44.5,Nepal
2016,44.6,Nepal
2015,44.8,Nepal
2014,45.1,Nepal
2013,45.5,Nepal
2012,46.0,Nepal
2011,46.7,Nepal
2010,47.5,Nepal
2009,48.3,Nepal
2008,49.3,Nepal
2007,50.4,Nepal
2006,51.7,Nepal
2005,53.1,Nepal
2004,54.6,Nepal
2003,56.3,Nepal
2002,58.0,Nepal
2001,59.8,Nepal
2000,61.7,Nepal
2019,15.5,Netherlands
2018,15.1,Netherlands
2017,14.6,Netherlands
2016,14.1,Netherlands
2015,13.7,Netherlands
2014,13.4,Netherlands
2013,13.0,Netherlands
2012,12.7,Netherlands
2011,12.5,Netherlands
2010,12.4,Netherlands
2009,12.4,Netherlands
2008,12.4,Netherlands
2007,12.4,Netherlands
2006,12.4,Netherlands
2005,12.4,Netherlands
2004,12.3,Netherlands
2003,12.1,Netherlands
2002,12.0,Netherlands
2001,11.9,Netherlands
2000,11.8,Netherlands
2019,15.3,New Zealand
2018,14.9,New Zealand
2017,14.5,New Zealand
2016,14.1,New Zealand
2015,13.8,New Zealand
2014,13.4,New Zealand
2013,13.1,New Zealand
2012,13.0,New Zealand
2011,12.7,New Zealand
2010,12.5,New Zealand
2009,12.4,New Zealand
2008,12.4,New Zealand
2007,12.3,New Zealand
2006,12.2,New Zealand
2005,12.2,New Zealand
2004,12.3,New Zealand
2003,12.3,New Zealand
2002,12.4,New Zealand
2001,12.5,New Zealand
2000,12.7,New Zealand
2019,20.9,Nicaragua
2018,20.2,Nicaragua
2017,19.6,Nicaragua
2016,19.0,Nicaragua
2015,18.5,Nicaragua
2014,18.2,Nicaragua
2013,17.8,Nicaragua
2012,17.6,Nicaragua
2011,17.4,Nicaragua
2010,17.5,Nicaragua
2009,17.8,Nicaragua
2008,18.0,Nicaragua
2007,18.4,Nicaragua
2006,19.2,Nicaragua
2005,20.2,Nicaragua
2004,21.4,Nicaragua
2003,23.0,Nicaragua
2002,24.7,Nicaragua
2001,26.7,Nicaragua
2000,28.8,Nicaragua
2019,72.0,Niger
2018,72.9,Niger
2017,73.8,Niger
2016,74.5,Niger
2015,75.1,Niger
2014,75.6,Niger
2013,76.0,Niger
2012,76.5,Niger
2011,77.1,Niger
2010,77.8,Niger
2009,78.5,Niger
2008,79.3,Niger
2007,80.0,Niger
2006,80.8,Niger
2005,81.5,Niger
2004,82.1,Niger
2003,82.7,Niger
2002,83.2,Niger
2001,83.6,Niger
2000,83.9,Niger
2019,68.9,Nigeria
2018,69.7,Nigeria
2017,70.4,Nigeria
2016,70.9,Nigeria
2015,71.3,Nigeria
2014,71.5,Nigeria
2013,71.8,Nigeria
2012,71.9,Nigeria
2011,72.2,Nigeria
2010,72.6,Nigeria
2009,73.1,Nigeria
2008,73.6,Nigeria
2007,74.3,Nigeria
2006,75.0,Nigeria
2005,75.8,Nigeria
2004,76.6,Nigeria
2003,77.4,Nigeria
2002,78.1,Nigeria
2001,78.7,Nigeria
2000,79.3,Nigeria
2019,20.4,North Macedonia
2018,21.4,North Macedonia
2017,22.9,North Macedonia
2016,24.2,North Macedonia
2015,24.7,North Macedonia
2014,24.0,North Macedonia
2013,22.7,North Macedonia
2012,21.6,North Macedonia
2011,21.0,North Macedonia
2010,21.0,North Macedonia
2009,21.6,North Macedonia
2008,22.6,North Macedonia
2007,23.4,North Macedonia
2006,24.0,North Macedonia
2005,24.4,North Macedonia
2004,24.5,North Macedonia
2003,24.5,North Macedonia
2002,24.4,North Macedonia
2001,24.6,North Macedonia
2000,25.1,North Macedonia
2019,13.5,Norway
2018,13.1,Norway
2017,12.8,Norway
2016,12.5,Norway
2015,12.2,Norway
2014,12.0,Norway
2013,11.9,Norway
2012,11.8,Norway
2011,11.7,Norway
2010,11.7,Norway
2009,11.7,Norway
2008,11.7,Norway
2007,11.7,Norway
2006,11.7,Norway
2005,11.7,Norway
2004,11.7,Norway
2003,11.8,Norway
2002,11.9,Norway
2001,12.0,Norway
2000,12.2,Norway
2019,24.3,Oman
2018,24.7,Oman
2017,25.2,Oman
2016,25.6,Oman
2015,26.1,Oman
2014,26.8,Oman
2013,27.6,Oman
2012,28.4,Oman
2011,29.4,Oman
2010,30.5,Oman
2009,31.8,Oman
2008,33.0,Oman
2007,34.1,Oman
2006,35.1,Oman
2005,35.8,Oman
2004,36.6,Oman
2003,37.4,Oman
2002,38.0,Oman
2001,38.7,Oman
2000,39.6,Oman
2019,53.0,Pakistan
2018,53.8,Pakistan
2017,54.6,Pakistan
2016,55.4,Pakistan
2015,56.1,Pakistan
2014,56.8,Pakistan
2013,57.5,Pakistan
2012,58.2,Pakistan
2011,58.7,Pakistan
2010,59.0,Pakistan
2009,59.3,Pakistan
2008,59.5,Pakistan
2007,59.6,Pakistan
2006,59.7,Pakistan
2005,59.7,Pakistan
2004,59.8,Pakistan
2003,60.0,Pakistan
2002,60.3,Pakistan
2001,60.8,Pakistan
2000,61.7,Pakistan
2019,33.5,Palau
2018,33.7,Palau
2017,34.0,Palau
2016,34.2,Palau
2015,34.4,Palau
2014,34.7,Palau
2013,35.1,Palau
2012,35.5,Palau
2011,35.8,Palau
2010,36.1,Palau
2009,36.4,Palau
2008,36.7,Palau
2007,36.9,Palau
2006,36.9,Palau
2005,36.7,Palau
2004,36.5,Palau
2003,36.2,Palau
2002,36.0,Palau
2001,35.8,Palau
2000,35.6,Palau
2019,16.0,Panama
2018,16.7,Panama
2017,17.6,Panama
2016,18.5,Panama
2015,19.5,Panama
2014,20.6,Panama
2013,21.8,Panama
2012,22.9,Panama
2011,24.1,Panama
2010,25.2,Panama
2009,26.3,Panama
2008,27.4,Panama
2007,28.4,Panama
2006,29.1,Panama
2005,29.7,Panama
2004,30.1,Panama
2003,30.3,Panama
2002,30.6,Panama
2001,30.8,Panama
2000,31.0,Panama
2019,46.7,Papua New Guinea
2018,47.0,Papua New Guinea
2017,47.3,Papua New Guinea
2016,47.6,Papua New Guinea
2015,47.9,Papua New Guinea
2014,48.2,Papua New Guinea
2013,48.5,Papua New Guinea
2012,48.8,Papua New Guinea
2011,49.1,Papua New Guinea
2010,49.3,Papua New Guinea
2009,49.6,Papua New Guinea
2008,50.0,Papua New Guinea
2007,50.2,Papua New Guinea
2006,50.4,Papua New Guinea
2005,50.6,Papua New Guinea
2004,50.6,Papua New Guinea
2003,50.7,Papua New Guinea
2002,50.8,Papua New Guinea
2001,50.9,Papua New Guinea
2000,51.1,Papua New Guinea
2019,27.9,Paraguay
2018,28.4,Paraguay
2017,29.0,Paraguay
2016,29.2,Paraguay
2015,29.5,Paraguay
2014,29.8,Paraguay
2013,30.1,Paraguay
2012,30.5,Paraguay
2011,30.8,Paraguay
2010,31.1,Paraguay
2009,31.8,Paraguay
2008,32.3,Paraguay
2007,32.7,Paraguay
2006,32.8,Paraguay
2005,32.6,Paraguay
2004,32.3,Paraguay
2003,32.0,Paraguay
2002,31.7,Paraguay
2001,31.4,Paraguay
2000,31.3,Paraguay
2019,29.6,Peru
2018,30.5,Peru
2017,31.5,Peru
2016,32.5,Peru
2015,33.6,Peru
2014,34.7,Peru
2013,35.8,Peru
2012,37.0,Peru
2011,38.3,Peru
2010,39.6,Peru
2009,40.9,Peru
2008,42.0,Peru
2007,43.0,Peru
2006,43.7,Peru
2005,44.2,Peru
2004,44.4,Peru
2003,44.4,Peru
2002,44.3,Peru
2001,44.2,Peru
2000,44.1,Peru
2019,13.5,Philippines
2018,13.8,Philippines
2017,14.2,Philippines
2016,14.7,Philippines
2015,15.3,Philippines
2014,16.1,Philippines
2013,17.1,Philippines
2012,18.5,Philippines
2011,19.9,Philippines
2010,21.5,Philippines
2009,23.0,Philippines
2008,24.6,Philippines
2007,26.3,Philippines
2006,27.9,Philippines
2005,29.2,Philippines
2004,30.6,Philippines
2003,31.8,Philippines
2002,32.9,Philippines
2001,34.0,Philippines
2000,35.0,Philippines
2019,14.3,Portugal
2018,13.9,Portugal
2017,13.6,Portugal
2016,13.4,Portugal
2015,13.2,Portugal
2014,13.0,Portugal
2013,12.8,Portugal
2012,12.7,Portugal
2011,12.6,Portugal
2010,12.5,Portugal
2009,12.4,Portugal
2008,12.4,Portugal
2007,12.4,Portugal
2006,12.5,Portugal
2005,12.6,Portugal
2004,12.7,Portugal
2003,13.0,Portugal
2002,13.2,Portugal
2001,13.6,Portugal
2000,14.0,Portugal
2019,22.4,Qatar
2018,22.2,Qatar
2017,22.0,Qatar
2016,21.9,Qatar
2015,21.8,Qatar
2014,21.8,Qatar
2013,21.9,Qatar
2012,22.0,Qatar
2011,22.1,Qatar
2010,22.3,Qatar
2009,22.6,Qatar
2008,22.8,Qatar
2007,23.0,Qatar
2006,23.3,Qatar
2005,23.5,Qatar
2004,23.8,Qatar
2003,24.0,Qatar
2002,24.2,Qatar
2001,24.6,Qatar
2000,25.2,Qatar
2019,27.1,Romania
2018,27.3,Romania
2017,27.6,Romania
2016,28.1,Romania
2015,28.6,Romania
2014,29.3,Romania
2013,30.0,Romania
2012,30.6,Romania
2011,31.2,Romania
2010,31.6,Romania
2009,32.0,Romania
2008,32.5,Romania
2007,33.3,Romania
2006,34.2,Romania
2005,35.1,Romania
2004,35.5,Romania
2003,35.7,Romania
2002,35.6,Romania
2001,35.6,Romania
2000,36.0,Romania
2019,21.9,Russian Federation
2018,21.8,Russian Federation
2017,21.8,Russian Federation
2016,22.0,Russian Federation
2015,22.2,Russian Federation
2014,22.5,Russian Federation
2013,22.7,Russian Federation
2012,23.0,Russian Federation
2011,23.1,Russian Federation
2010,23.4,Russian Federation
2009,23.8,Russian Federation
2008,24.4,Russian Federation
2007,25.0,Russian Federation
2006,25.7,Russian Federation
2005,26.5,Russian Federation
2004,27.3,Russian Federation
2003,28.1,Russian Federation
2002,28.8,Russian Federation
2001,29.4,Russian Federation
2000,29.9,Russian Federation
2019,37.9,Rwanda
2018,37.8,Rwanda
2017,37.6,Rwanda
2016,37.5,Rwanda
2015,37.4,Rwanda
2014,37.6,Rwanda
2013,37.8,Rwanda
2012,38.4,Rwanda
2011,39.3,Rwanda
2010,40.6,Rwanda
2009,41.9,Rwanda
2008,43.5,Rwanda
2007,45.4,Rwanda
2006,47.5,Rwanda
2005,49.7,Rwanda
2004,52.0,Rwanda
2003,54.5,Rwanda
2002,56.8,Rwanda
2001,59.1,Rwanda
2000,61.3,Rwanda
2019,35.5,Samoa
2018,35.6,Samoa
2017,35.8,Samoa
2016,36.1,Samoa
2015,36.2,Samoa
2014,36.6,Samoa
2013,36.7,Samoa
2012,36.8,Samoa
2011,36.9,Samoa
2010,36.8,Samoa
2009,36.8,Samoa
2008,36.6,Samoa
2007,36.4,Samoa
2006,36.0,Samoa
2005,35.4,Samoa
2004,34.8,Samoa
2003,34.3,Samoa
2002,33.9,Samoa
2001,33.7,Samoa
2000,33.6,Samoa
2019,12.8,San Marino
2018,12.5,San Marino
2017,12.3,San Marino
2016,12.0,San Marino
2015,11.8,San Marino
2014,11.6,San Marino
2013,11.5,San Marino
2012,11.4,San Marino
2011,11.3,San Marino
2010,11.3,San Marino
2009,11.3,San Marino
2008,11.3,San Marino
2007,11.4,San Marino
2006,11.5,San Marino
2005,11.5,San Marino
2004,11.6,San Marino
2003,11.7,San Marino
2002,11.8,San Marino
2001,12.0,San Marino
2000,12.3,San Marino
2019,58.8,Sao Tome and Principe
2018,59.4,Sao Tome and Principe
2017,59.9,Sao Tome and Principe
2016,60.3,Sao Tome and Principe
2015,60.6,Sao Tome and Principe
2014,60.8,Sao Tome and Principe
2013,60.9,Sao Tome and Principe
2012,61.0,Sao Tome and Principe
2011,61.2,Sao Tome and Principe
2010,61.6,Sao Tome and Principe
2009,62.1,Sao Tome and Principe
2008,62.6,Sao Tome and Principe
2007,63.4,Sao Tome and Principe
2006,64.3,Sao Tome and Principe
2005,65.2,Sao Tome and Principe
2004,66.2,Sao Tome and Principe
2003,67.3,Sao Tome and Principe
2002,68.4,Sao Tome and Principe
2001,69.4,Sao Tome and Principe
2000,70.5,Sao Tome and Principe
2019,21.8,Saudi Arabia
2018,21.4,Saudi Arabia
2017,21.2,Saudi Arabia
2016,20.9,Saudi Arabia
2015,20.9,Saudi Arabia
2014,20.9,Saudi Arabia
2013,21.1,Saudi Arabia
2012,21.5,Saudi Arabia
2011,22.0,Saudi Arabia
2010,22.6,Saudi Arabia
2009,23.4,Saudi Arabia
2008,24.0,Saudi Arabia
2007,24.8,Saudi Arabia
2006,25.6,Saudi Arabia
2005,26.2,Saudi Arabia
2004,26.6,Saudi Arabia
2003,27.1,Saudi Arabia
2002,27.7,Saudi Arabia
2001,28.4,Saudi Arabia
2000,29.4,Saudi Arabia
2019,67.9,Senegal
2018,68.9,Senegal
2017,69.9,Senegal
2016,70.8,Senegal
2015,71.7,Senegal
2014,72.6,Senegal
2013,73.5,Senegal
2012,74.5,Senegal
2011,75.5,Senegal
2010,76.5,Senegal
2009,77.6,Senegal
2008,78.6,Senegal
2007,79.5,Senegal
2006,80.3,Senegal
2005,81.0,Senegal
2004,81.6,Senegal
2003,82.1,Senegal
2002,82.4,Senegal
2001,82.6,Senegal
2000,82.7,Senegal
2019,19.5,Serbia
2018,19.1,Serbia
2017,18.7,Serbia
2016,18.4,Serbia
2015,18.2,Serbia
2014,18.1,Serbia
2013,18.0,Serbia
2012,18.0,Serbia
2011,18.0,Serbia
2010,18.1,Serbia
2009,18.1,Serbia
2008,18.2,Serbia
2007,18.3,Serbia
2006,18.4,Serbia
2005,18.6,Serbia
2004,19.0,Serbia
2003,19.5,Serbia
2002,20.1,Serbia
2001,20.5,Serbia
2000,21.0,Serbia
2019,30.6,Seychelles
2018,30.1,Seychelles
2017,29.6,Seychelles
2016,29.1,Seychelles
2015,28.6,Seychelles
2014,28.1,Seychelles
2013,27.7,Seychelles
2012,27.4,Seychelles
2011,27.3,Seychelles
2010,27.2,Seychelles
2009,27.2,Seychelles
2008,27.3,Seychelles
2007,27.5,Seychelles
2006,27.5,Seychelles
2005,27.6,Seychelles
2004,27.5,Seychelles
2003,27.4,Seychelles
2002,27.4,Seychelles
2001,27.4,Seychelles
2000,27.5,Seychelles
2019,73.4,Sierra Leone
2018,74.5,Sierra Leone
2017,75.4,Sierra Leone
2016,76.2,Sierra Leone
2015,76.8,Sierra Leone
2014,77.1,Sierra Leone
2013,77.4,Sierra Leone
2012,77.6,Sierra Leone
2011,77.7,Sierra Leone
2010,77.9,Sierra Leone
2009,78.1,Sierra Leone
2008,78.4,Sierra Leone
2007,78.8,Sierra Leone
2006,79.2,Sierra Leone
2005,79.7,Sierra Leone
2004,80.2,Sierra Leone
2003,80.7,Sierra Leone
2002,81.2,Sierra Leone
2001,81.7,Sierra Leone
2000,82.2,Sierra Leone
2019,13.5,Singapore
2018,13.2,Singapore
2017,12.9,Singapore
2016,12.6,Singapore
2015,12.3,Singapore
2014,12.1,Singapore
2013,11.9,Singapore
2012,11.7,Singapore
2011,11.6,Singapore
2010,11.4,Singapore
2009,11.3,Singapore
2008,11.3,Singapore
2007,11.2,Singapore
2006,11.1,Singapore
2005,11.1,Singapore
2004,11.1,Singapore
2003,11.1,Singapore
2002,11.1,Singapore
2001,11.2,Singapore
2000,11.4,Singapore
2019,23.7,Slovak Republic
2018,23.4,Slovak Republic
2017,23.0,Slovak Republic
2016,22.7,Slovak Republic
2015,22.4,Slovak Republic
2014,22.1,Slovak Republic
2013,22.0,Slovak Republic
2012,21.8,Slovak Republic
2011,21.7,Slovak Republic
2010,21.6,Slovak Republic
2009,21.7,Slovak Republic
2008,21.7,Slovak Republic
2007,21.9,Slovak Republic
2006,22.0,Slovak Republic
2005,22.2,Slovak Republic
2004,22.4,Slovak Republic
2003,22.5,Slovak Republic
2002,22.5,Slovak Republic
2001,22.7,Slovak Republic
2000,22.9,Slovak Republic
2019,18.2,Slovenia
2018,17.9,Slovenia
2017,17.5,Slovenia
2016,17.2,Slovenia
2015,17.0,Slovenia
2014,16.8,Slovenia
2013,16.7,Slovenia
2012,16.7,Slovenia
2011,16.7,Slovenia
2010,16.7,Slovenia
2009,16.8,Slovenia
2008,17.0,Slovenia
2007,17.2,Slovenia
2006,17.3,Slovenia
2005,17.4,Slovenia
2004,17.6,Slovenia
2003,17.7,Slovenia
2002,17.8,Slovenia
2001,18.0,Slovenia
2000,18.3,Slovenia
2019,38.1,Solomon Islands
2018,38.7,Solomon Islands
2017,39.5,Solomon Islands
2016,40.2,Solomon Islands
2015,41.0,Solomon Islands
2014,41.7,Solomon Islands
2013,42.4,Solomon Islands
2012,43.1,Solomon Islands
2011,43.8,Solomon Islands
2010,44.5,Solomon Islands
2009,45.0,Solomon Islands
2008,45.5,Solomon Islands
2007,45.9,Solomon Islands
2006,46.0,Solomon Islands
2005,45.9,Solomon Islands
2004,45.7,Solomon Islands
2003,45.4,Solomon Islands
2002,45.1,Solomon Islands
2001,44.7,Solomon Islands
2000,44.4,Solomon Islands
2019,51.8,Somalia
2018,52.7,Somalia
2017,53.8,Somalia
2016,54.7,Somalia
2015,55.5,Somalia
2014,56.3,Somalia
2013,57.1,Somalia
2012,57.8,Somalia
2011,58.5,Somalia
2010,59.3,Somalia
2009,60.0,Somalia
2008,60.8,Somalia
2007,61.4,Somalia
2006,61.9,Somalia
2005,62.3,Somalia
2004,62.5,Somalia
2003,62.8,Somalia
2002,63.1,Somalia
2001,63.4,Somalia
2000,63.9,Somalia
2019,44.4,South Africa
2018,42.9,South Africa
2017,41.2,South Africa
2016,39.6,South Africa
2015,38.0,South Africa
2014,36.6,South Africa
2013,35.3,South Africa
2012,34.5,South Africa
2011,34.6,South Africa
2010,35.6,South Africa
2009,37.2,South Africa
2008,38.9,South Africa
2007,40.1,South Africa
2006,40.9,South Africa
2005,40.8,South Africa
2004,40.8,South Africa
2003,40.6,South Africa
2002,40.7,South Africa
2001,41.0,South Africa
2000,41.3,South Africa
2019,60.5,South Sudan
2018,60.2,South Sudan
2017,59.9,South Sudan
2016,59.5,South Sudan
2015,59.1,South Sudan
2014,58.7,South Sudan
2013,58.4,South Sudan
2012,58.4,South Sudan
2011,58.8,South Sudan
2010,59.5,South Sudan
2009,60.4,South Sudan
2008,61.4,South Sudan
2007,62.4,South Sudan
2006,63.5,South Sudan
2005,64.6,South Sudan
2004,65.7,South Sudan
2003,66.9,South Sudan
2002,68.1,South Sudan
2001,69.3,South Sudan
2000,70.7,South Sudan
2019,14.6,Spain
2018,14.2,Spain
2017,13.9,Spain
2016,13.6,Spain
2015,13.4,Spain
2014,13.2,Spain
2013,13.0,Spain
2012,12.9,Spain
2011,12.7,Spain
2010,12.5,Spain
2009,12.4,Spain
2008,12.3,Spain
2007,12.2,Spain
2006,12.0,Spain
2005,11.9,Spain
2004,11.8,Spain
2003,11.8,Spain
2002,11.8,Spain
2001,11.8,Spain
2000,12.0,Spain
2019,25.1,Sri Lanka
2018,24.9,Sri Lanka
2017,24.7,Sri Lanka
2016,24.6,Sri Lanka
2015,24.6,Sri Lanka
2014,24.7,Sri Lanka
2013,24.9,Sri Lanka
2012,25.1,Sri Lanka
2011,25.5,Sri Lanka
2010,26.0,Sri Lanka
2009,26.5,Sri Lanka
2008,27.1,Sri Lanka
2007,27.9,Sri Lanka
2006,28.6,Sri Lanka
2005,29.3,Sri Lanka
2004,29.9,Sri Lanka
2003,30.5,Sri Lanka
2002,31.1,Sri Lanka
2001,31.8,Sri Lanka
2000,32.6,Sri Lanka
2019,20.4,St. Kitts and Nevis
2018,20.4,St. Kitts and Nevis
2017,20.4,St. Kitts and Nevis
2016,20.7,St. Kitts and Nevis
2015,21.0,St. Kitts and Nevis
2014,21.3,St. Kitts and Nevis
2013,21.8,St. Kitts and Nevis
2012,22.4,St. Kitts and Nevis
2011,22.8,St. Kitts and Nevis
2010,23.5,St. Kitts and Nevis
2009,23.7,St. Kitts and Nevis
2008,23.9,St. Kitts and Nevis
2007,24.0,St. Kitts and Nevis
2006,24.2,St. Kitts and Nevis
2005,24.3,St. Kitts and Nevis
2004,24.4,St. Kitts and Nevis
2003,24.5,St. Kitts and Nevis
2002,24.7,St. Kitts and Nevis
2001,25.0,St. Kitts and Nevis
2000,25.5,St. Kitts and Nevis
2019,22.5,St. Lucia
2018,22.2,St. Lucia
2017,22.0,St. Lucia
2016,21.9,St. Lucia
2015,21.8,St. Lucia
2014,21.8,St. Lucia
2013,21.8,St. Lucia
2012,21.9,St. Lucia
2011,22.1,St. Lucia
2010,22.3,St. Lucia
2009,22.5,St. Lucia
2008,22.6,St. Lucia
2007,22.6,St. Lucia
2006,22.6,St. Lucia
2005,22.5,St. Lucia
2004,22.3,St. Lucia
2003,22.2,St. Lucia
2002,21.9,St. Lucia
2001,22.0,St. Lucia
2000,22.2,St. Lucia
2019,20.3,St. Vincent and the Grenadines
2018,20.4,St. Vincent and the Grenadines
2017,20.7,St. Vincent and the Grenadines
2016,21.0,St. Vincent and the Grenadines
2015,21.5,St. Vincent and the Grenadines
2014,21.9,St. Vincent and the Grenadines
2013,22.3,St. Vincent and the Grenadines
2012,22.8,St. Vincent and the Grenadines
2011,23.4,St. Vincent and the Grenadines
2010,23.9,St. Vincent and the Grenadines
2009,24.4,St. Vincent and the Grenadines
2008,24.8,St. Vincent and the Grenadines
2007,25.2,St. Vincent and the Grenadines
2006,25.5,St. Vincent and the Grenadines
2005,25.7,St. Vincent and the Grenadines
2004,26.0,St. Vincent and the Grenadines
2003,26.1,St. Vincent and the Grenadines
2002,26.3,St. Vincent and the Grenadines
2001,26.4,St. Vincent and the Grenadines
2000,26.7,St. Vincent and the Grenadines
2019,50.8,Sudan
2018,50.9,Sudan
2017,51.1,Sudan
2016,51.2,Sudan
2015,51.4,Sudan
2014,51.6,Sudan
2013,51.9,Sudan
2012,52.2,Sudan
2011,52.5,Sudan
2010,52.9,Sudan
2009,53.4,Sudan
2008,54.0,Sudan
2007,54.6,Sudan
2006,55.3,Sudan
2005,56.0,Sudan
2004,56.8,Sudan
2003,57.7,Sudan
2002,58.7,Sudan
2001,60.0,Sudan
2000,61.5,Sudan
2019,25.9,Suriname
2018,26.0,Suriname
2017,26.2,Suriname
2016,26.4,Suriname
2015,26.7,Suriname
2014,27.0,Suriname
2013,27.3,Suriname
2012,27.8,Suriname
2011,28.4,Suriname
2010,29.0,Suriname
2009,29.7,Suriname
2008,30.4,Suriname
2007,31.0,Suriname
2006,31.6,Suriname
2005,31.9,Suriname
2004,32.2,Suriname
2003,32.5,Suriname
2002,32.7,Suriname
2001,32.9,Suriname
2000,33.1,Suriname
2019,14.6,Sweden
2018,14.2,Sweden
2017,13.9,Sweden
2016,13.5,Sweden
2015,13.2,Sweden
2014,12.9,Sweden
2013,12.6,Sweden
2012,12.4,Sweden
2011,12.2,Sweden
2010,12.1,Sweden
2009,12.1,Sweden
2008,12.1,Sweden
2007,12.1,Sweden
2006,12.1,Sweden
2005,12.1,Sweden
2004,12.1,Sweden
2003,12.2,Sweden
2002,12.2,Sweden
2001,12.3,Sweden
2000,12.4,Sweden
2019,14.0,Switzerland
2018,13.6,Switzerland
2017,13.2,Switzerland
2016,12.8,Switzerland
2015,12.4,Switzerland
2014,12.1,Switzerland
2013,11.8,Switzerland
2012,11.6,Switzerland
2011,11.4,Switzerland
2010,11.3,Switzerland
2009,11.2,Switzerland
2008,11.1,Switzerland
2007,11.1,Switzerland
2006,11.1,Switzerland
2005,11.0,Switzerland
2004,11.0,Switzerland
2003,11.0,Switzerland
2002,11.0,Switzerland
2001,11.0,Switzerland
2000,11.1,Switzerland
2019,32.9,Syrian Arab Republic
2018,32.5,Syrian Arab Republic
2017,32.0,Syrian Arab Republic
2016,31.6,Syrian Arab Republic
2015,31.2,Syrian Arab Republic
2014,30.9,Syrian Arab Republic
2013,30.7,Syrian Arab Republic
2012,30.6,Syrian Arab Republic
2011,30.5,Syrian Arab Republic
2010,30.5,Syrian Arab Republic
2009,30.6,Syrian Arab Republic
2008,30.8,Syrian Arab Republic
2007,31.0,Syrian Arab Republic
2006,31.1,Syrian Arab Republic
2005,31.4,Syrian Arab Republic
2004,31.6,Syrian Arab Republic
2003,31.8,Syrian Arab Republic
2002,32.1,Syrian Arab Republic
2001,32.6,Syrian Arab Republic
2000,33.3,Syrian Arab Republic
2019,37.0,Tajikistan
2018,36.3,Tajikistan
2017,35.6,Tajikistan
2016,34.6,Tajikistan
2015,33.8,Tajikistan
2014,33.3,Tajikistan
2013,32.9,Tajikistan
2012,32.6,Tajikistan
2011,32.5,Tajikistan
2010,32.7,Tajikistan
2009,33.4,Tajikistan
2008,34.1,Tajikistan
2007,35.0,Tajikistan
2006,36.0,Tajikistan
2005,37.0,Tajikistan
2004,38.5,Tajikistan
2003,40.4,Tajikistan
2002,42.2,Tajikistan
2001,44.1,Tajikistan
2000,46.1,Tajikistan
2019,56.1,Tanzania
2018,56.6,Tanzania
2017,57.2,Tanzania
2016,57.7,Tanzania
2015,58.3,Tanzania
2014,58.7,Tanzania
2013,59.3,Tanzania
2012,60.1,Tanzania
2011,61.0,Tanzania
2010,62.2,Tanzania
2009,63.4,Tanzania
2008,64.6,Tanzania
2007,65.7,Tanzania
2006,66.8,Tanzania
2005,67.8,Tanzania
2004,68.6,Tanzania
2003,69.5,Tanzania
2002,70.4,Tanzania
2001,71.3,Tanzania
2000,72.1,Tanzania
2019,24.9,Thailand
2018,24.7,Thailand
2017,24.6,Thailand
2016,24.5,Thailand
2015,24.4,Thailand
2014,24.3,Thailand
2013,24.2,Thailand
2012,24.3,Thailand
2011,24.3,Thailand
2010,24.4,Thailand
2009,24.5,Thailand
2008,24.7,Thailand
2007,24.9,Thailand
2006,25.1,Thailand
2005,25.2,Thailand
2004,25.4,Thailand
2003,25.7,Thailand
2002,26.0,Thailand
2001,26.2,Thailand
2000,26.5,Thailand
2019,46.3,Timor-Leste
2018,46.1,Timor-Leste
2017,46.1,Timor-Leste
2016,46.0,Timor-Leste
2015,45.9,Timor-Leste
2014,45.7,Timor-Leste
2013,45.5,Timor-Leste
2012,45.2,Timor-Leste
2011,45.0,Timor-Leste
2010,44.9,Timor-Leste
2009,44.9,Timor-Leste
2008,45.1,Timor-Leste
2007,45.4,Timor-Leste
2006,45.8,Timor-Leste
2005,46.3,Timor-Leste
2004,46.8,Timor-Leste
2003,47.7,Timor-Leste
2002,48.7,Timor-Leste
2001,49.9,Timor-Leste
2000,51.3,Timor-Leste
2019,72.4,Togo
2018,72.8,Togo
2017,73.1,Togo
2016,73.3,Togo
2015,73.3,Togo
2014,73.3,Togo
2013,73.2,Togo
2012,73.1,Togo
2011,73.2,Togo
2010,73.3,Togo
2009,73.6,Togo
2008,74.1,Togo
2007,74.6,Togo
2006,75.3,Togo
2005,76.0,Togo
2004,76.7,Togo
2003,77.5,Togo
2002,78.3,Togo
2001,79.1,Togo
2000,79.8,Togo
2019,34.0,Tonga
2018,34.0,Tonga
2017,34.0,Tonga
2016,34.0,Tonga
2015,33.9,Tonga
2014,33.9,Tonga
2013,33.9,Tonga
2012,34.0,Tonga
2011,34.0,Tonga
2010,34.0,Tonga
2009,34.0,Tonga
2008,34.0,Tonga
2007,33.8,Tonga
2006,33.5,Tonga
2005,33.2,Tonga
2004,32.7,Tonga
2003,32.3,Tonga
2002,31.9,Tonga
2001,31.6,Tonga
2000,31.3,Tonga
2019,22.9,Trinidad and Tobago
2018,23.0,Trinidad and Tobago
2017,23.2,Trinidad and Tobago
2016,23.6,Trinidad and Tobago
2015,24.0,Trinidad and Tobago
2014,24.4,Trinidad and Tobago
2013,24.8,Trinidad and Tobago
2012,25.5,Trinidad and Tobago
2011,26.2,Trinidad and Tobago
2010,26.9,Trinidad and Tobago
2009,27.7,Trinidad and Tobago
2008,28.3,Trinidad and Tobago
2007,28.8,Trinidad and Tobago
2006,29.3,Trinidad and Tobago
2005,29.7,Trinidad and Tobago
2004,29.9,Trinidad and Tobago
2003,30.2,Trinidad and Tobago
2002,30.4,Trinidad and Tobago
2001,30.5,Trinidad and Tobago
2000,30.8,Trinidad and Tobago
2019,30.4,Tunisia
2018,30.1,Tunisia
2017,29.8,Tunisia
2016,29.5,Tunisia
2015,29.3,Tunisia
2014,29.3,Tunisia
2013,29.3,Tunisia
2012,29.4,Tunisia
2011,29.6,Tunisia
2010,29.8,Tunisia
2009,30.2,Tunisia
2008,30.6,Tunisia
2007,31.1,Tunisia
2006,31.6,Tunisia
2005,32.0,Tunisia
2004,32.4,Tunisia
2003,33.0,Tunisia
2002,33.6,Tunisia
2001,34.4,Tunisia
2000,35.6,Tunisia
2019,33.1,Turkmenistan
2018,32.7,Turkmenistan
2017,32.2,Turkmenistan
2016,31.7,Turkmenistan
2015,31.2,Turkmenistan
2014,31.0,Turkmenistan
2013,30.9,Turkmenistan
2012,30.8,Turkmenistan
2011,30.9,Turkmenistan
2010,31.1,Turkmenistan
2009,31.7,Turkmenistan
2008,32.3,Turkmenistan
2007,33.1,Turkmenistan
2006,33.9,Turkmenistan
2005,34.9,Turkmenistan
2004,36.0,Turkmenistan
2003,37.2,Turkmenistan
2002,38.2,Turkmenistan
2001,39.3,Turkmenistan
2000,40.7,Turkmenistan
2019,41.9,Tuvalu
2018,42.8,Tuvalu
2017,43.7,Tuvalu
2016,44.7,Tuvalu
2015,45.5,Tuvalu
2014,46.5,Tuvalu
2013,47.4,Tuvalu
2012,48.3,Tuvalu
2011,49.1,Tuvalu
2010,49.8,Tuvalu
2009,50.4,Tuvalu
2008,51.0,Tuvalu
2007,51.4,Tuvalu
2006,51.3,Tuvalu
2005,51.1,Tuvalu
2004,50.7,Tuvalu
2003,50.2,Tuvalu
2002,49.7,Tuvalu
2001,49.2,Tuvalu
2000,48.8,Tuvalu
2019,51.7,Uganda
2018,52.2,Uganda
2017,52.7,Uganda
2016,53.2,Uganda
2015,53.9,Uganda
2014,54.6,Uganda
2013,55.6,Uganda
2012,56.7,Uganda
2011,58.1,Uganda
2010,59.5,Uganda
2009,61.2,Uganda
2008,62.8,Uganda
2007,64.4,Uganda
2006,66.0,Uganda
2005,67.4,Uganda
2004,68.7,Uganda
2003,69.8,Uganda
2002,70.9,Uganda
2001,71.9,Uganda
2000,72.9,Uganda
2019,25.6,Ukraine
2018,25.1,Ukraine
2017,24.6,Ukraine
2016,24.1,Ukraine
2015,23.8,Ukraine
2014,23.5,Ukraine
2013,23.4,Ukraine
2012,23.4,Ukraine
2011,23.5,Ukraine
2010,23.7,Ukraine
2009,24.1,Ukraine
2008,24.6,Ukraine
2007,24.9,Ukraine
2006,25.2,Ukraine
2005,25.6,Ukraine
2004,26.1,Ukraine
2003,26.5,Ukraine
2002,26.9,Ukraine
2001,27.3,Ukraine
2000,27.8,Ukraine
2019,20.4,United Arab Emirates
2018,20.0,United Arab Emirates
2017,19.6,United Arab Emirates
2016,19.4,United Arab Emirates
2015,19.3,United Arab Emirates
2014,19.3,United Arab Emirates
2013,19.4,United Arab Emirates
2012,19.5,United Arab Emirates
2011,19.4,United Arab Emirates
2010,19.3,United Arab Emirates
2009,19.4,United Arab Emirates
2008,19.4,United Arab Emirates
2007,19.3,United Arab Emirates
2006,18.9,United Arab Emirates
2005,18.7,United Arab Emirates
2004,18.9,United Arab Emirates
2003,19.1,United Arab Emirates
2002,19.1,United Arab Emirates
2001,19.2,United Arab Emirates
2000,19.6,United Arab Emirates
2019,15.5,United Kingdom
2018,15.0,United Kingdom
2017,14.7,United Kingdom
2016,14.4,United Kingdom
2015,14.2,United Kingdom
2014,14.0,United Kingdom
2013,13.8,United Kingdom
2012,13.8,United Kingdom
2011,13.8,United Kingdom
2010,13.7,United Kingdom
2009,13.7,United Kingdom
2008,13.6,United Kingdom
2007,13.6,United Kingdom
2006,13.6,United Kingdom
2005,13.5,United Kingdom
2004,13.5,United Kingdom
2003,13.5,United Kingdom
2002,13.5,United Kingdom
2001,13.6,United Kingdom
2000,13.7,United Kingdom
2019,6.1,United States
2018,6.0,United States
2017,5.9,United States
2016,5.9,United States
2015,5.8,United States
2014,5.8,United States
2013,5.8,United States
2012,5.8,United States
2011,5.8,United States
2010,5.8,United States
2009,5.8,United States
2008,5.8,United States
2007,5.8,United States
2006,5.8,United States
2005,5.9,United States
2004,5.9,United States
2003,5.9,United States
2002,6.0,United States
2001,6.1,United States
2000,6.2,United States
2019,25.1,Uruguay
2018,25.0,Uruguay
2017,24.8,Uruguay
2016,24.5,Uruguay
2015,24.3,Uruguay
2014,24.0,Uruguay
2013,23.8,Uruguay
2012,23.6,Uruguay
2011,23.3,Uruguay
2010,23.5,Uruguay
2009,23.9,Uruguay
2008,24.2,Uruguay
2007,24.5,Uruguay
2006,24.9,Uruguay
2005,24.8,Uruguay
2004,24.6,Uruguay
2003,24.3,Uruguay
2002,23.8,Uruguay
2001,23.4,Uruguay
2000,23.4,Uruguay
2019,21.9,Uzbekistan
2018,22.2,Uzbekistan
2017,22.8,Uzbekistan
2016,23.7,Uzbekistan
2015,24.8,Uzbekistan
2014,26.0,Uzbekistan
2013,27.5,Uzbekistan
2012,29.1,Uzbekistan
2011,30.7,Uzbekistan
2010,32.5,Uzbekistan
2009,34.3,Uzbekistan
2008,36.0,Uzbekistan
2007,37.8,Uzbekistan
2006,39.5,Uzbekistan
2005,41.2,Uzbekistan
2004,42.7,Uzbekistan
2003,44.3,Uzbekistan
2002,46.0,Uzbekistan
2001,47.6,Uzbekistan
2000,49.3,Uzbekistan
2019,31.0,Vanuatu
2018,31.1,Vanuatu
2017,31.3,Vanuatu
2016,31.5,Vanuatu
2015,31.9,Vanuatu
2014,32.3,Vanuatu
2013,32.7,Vanuatu
2012,33.2,Vanuatu
2011,33.6,Vanuatu
2010,34.1,Vanuatu
2009,34.5,Vanuatu
2008,34.9,Vanuatu
2007,35.2,Vanuatu
2006,35.3,Vanuatu
2005,35.3,Vanuatu
2004,35.2,Vanuatu
2003,35.1,Vanuatu
2002,34.8,Vanuatu
2001,34.6,Vanuatu
2000,34.6,Vanuatu
2019,27.9,"Venezuela, RB"
2018,27.7,"Venezuela, RB"
2017,27.3,"Venezuela, RB"
2016,27.0,"Venezuela, RB"
2015,26.7,"Venezuela, RB"
2014,26.3,"Venezuela, RB"
2013,25.8,"Venezuela, RB"
2012,25.6,"Venezuela, RB"
2011,25.5,"Venezuela, RB"
2010,25.8,"Venezuela, RB"
2009,26.1,"Venezuela, RB"
2008,26.5,"Venezuela, RB"
2007,27.1,"Venezuela, RB"
2006,27.7,"Venezuela, RB"
2005,28.2,"Venezuela, RB"
2004,28.6,"Venezuela, RB"
2003,28.7,"Venezuela, RB"
2002,28.7,"Venezuela, RB"
2001,28.8,"Venezuela, RB"
2000,29.1,"Venezuela, RB"
2019,22.9,Viet Nam
2018,22.4,Viet Nam
2017,21.9,Viet Nam
2016,21.6,Viet Nam
2015,21.4,Viet Nam
2014,21.2,Viet Nam
2013,21.1,Viet Nam
2012,21.2,Viet Nam
2011,21.4,Viet Nam
2010,21.9,Viet Nam
2009,22.5,Viet Nam
2008,23.4,Viet Nam
2007,24.5,Viet Nam
2006,25.7,Viet Nam
2005,26.9,Viet Nam
2004,28.2,Viet Nam
2003,29.5,Viet Nam
2002,30.8,Viet Nam
2001,32.2,Viet Nam
2000,33.6,Viet Nam
2019,79.5,"Yemen, Rep."
2018,79.7,"Yemen, Rep."
2017,79.8,"Yemen, Rep."
2016,79.9,"Yemen, Rep."
2015,79.9,"Yemen, Rep."
2014,79.9,"Yemen, Rep."
2013,79.9,"Yemen, Rep."
2012,79.9,"Yemen, Rep."
2011,79.9,"Yemen, Rep."
2010,80.0,"Yemen, Rep."
2009,80.2,"Yemen, Rep."
2008,80.5,"Yemen, Rep."
2007,80.9,"Yemen, Rep."
2006,81.3,"Yemen, Rep."
2005,81.7,"Yemen, Rep."
2004,82.0,"Yemen, Rep."
2003,82.4,"Yemen, Rep."
2002,82.8,"Yemen, Rep."
2001,83.2,"Yemen, Rep."
2000,83.6,"Yemen, Rep."
2019,55.1,Zambia
2018,54.9,Zambia
2017,54.6,Zambia
2016,54.4,Zambia
2015,54.2,Zambia
2014,53.9,Zambia
2013,53.9,Zambia
2012,54.0,Zambia
2011,54.0,Zambia
2010,54.3,Zambia
2009,55.0,Zambia
2008,55.8,Zambia
2007,56.6,Zambia
2006,57.6,Zambia
2005,58.7,Zambia
2004,59.9,Zambia
2003,61.2,Zambia
2002,62.6,Zambia
2001,64.2,Zambia
2000,65.6,Zambia
2019,37.8,Zimbabwe
2018,38.5,Zimbabwe
2017,39.6,Zimbabwe
2016,40.5,Zimbabwe
2015,41.7,Zimbabwe
2014,42.8,Zimbabwe
2013,44.3,Zimbabwe
2012,46.2,Zimbabwe
2011,48.3,Zimbabwe
2010,49.8,Zimbabwe
2009,50.8,Zimbabwe
2008,51.2,Zimbabwe
2007,51.0,Zimbabwe
2006,50.2,Zimbabwe
2005,48.9,Zimbabwe
2004,47.5,Zimbabwe
2003,45.9,Zimbabwe
2002,44.2,Zimbabwe
2001,42.5,Zimbabwe
2000,41.0,Zimbabwe
